algorithm,message_bytes,ber,repetition,original_bits,encoded_bits,overhead_bits,altered_bits,connection_success,valid,error_detected,error_corrected,corrected_bits,message_correct,error
HAMMING_12_8,10,0.000000,1,80,120,40,0,true,true,false,false,0,true,
HAMMING_12_8,10,0.000000,2,80,120,40,0,true,true,false,false,0,true,
HAMMING_12_8,10,0.000000,3,80,120,40,0,true,true,false,false,0,true,
HAMMING_12_8,10,0.000000,4,80,120,40,0,true,true,false,false,0,true,
HAMMING_12_8,10,0.000000,5,80,120,40,0,true,true,false,false,0,true,
HAMMING_12_8,10,0.000000,6,80,120,40,0,true,true,false,false,0,true,
HAMMING_12_8,10,0.000000,7,80,120,40,0,true,true,false,false,0,true,
HAMMING_12_8,10,0.000000,8,80,120,40,0,true,true,false,false,0,true,
HAMMING_12_8,10,0.000000,9,80,120,40,0,true,true,false,false,0,true,
HAMMING_12_8,10,0.000000,10,80,120,40,0,true,true,false,false,0,true,
HAMMING_12_8,10,0.000000,11,80,120,40,0,true,true,false,false,0,true,
HAMMING_12_8,10,0.000000,12,80,120,40,0,true,true,false,false,0,true,
HAMMING_12_8,10,0.000000,13,80,120,40,0,true,true,false,false,0,true,
HAMMING_12_8,10,0.000000,14,80,120,40,0,true,true,false,false,0,true,
HAMMING_12_8,10,0.000000,15,80,120,40,0,true,true,false,false,0,true,
HAMMING_12_8,10,0.000000,16,80,120,40,0,true,true,false,false,0,true,
HAMMING_12_8,10,0.000000,17,80,120,40,0,true,true,false,false,0,true,
HAMMING_12_8,10,0.000000,18,80,120,40,0,true,true,false,false,0,true,
HAMMING_12_8,10,0.000000,19,80,120,40,0,true,true,false,false,0,true,
HAMMING_12_8,10,0.000000,20,80,120,40,0,true,true,false,false,0,true,
HAMMING_12_8,10,0.000000,21,80,120,40,0,true,true,false,false,0,true,
HAMMING_12_8,10,0.000000,22,80,120,40,0,true,true,false,false,0,true,
HAMMING_12_8,10,0.000000,23,80,120,40,0,true,true,false,false,0,true,
HAMMING_12_8,10,0.000000,24,80,120,40,0,true,true,false,false,0,true,
HAMMING_12_8,10,0.000000,25,80,120,40,0,true,true,false,false,0,true,
HAMMING_12_8,10,0.000000,26,80,120,40,0,true,true,false,false,0,true,
HAMMING_12_8,10,0.000000,27,80,120,40,0,true,true,false,false,0,true,
HAMMING_12_8,10,0.000000,28,80,120,40,0,true,true,false,false,0,true,
HAMMING_12_8,10,0.000000,29,80,120,40,0,true,true,false,false,0,true,
HAMMING_12_8,10,0.000000,30,80,120,40,0,true,true,false,false,0,true,
HAMMING_12_8,10,0.000000,31,80,120,40,0,true,true,false,false,0,true,
HAMMING_12_8,10,0.000000,32,80,120,40,0,true,true,false,false,0,true,
HAMMING_12_8,10,0.000000,33,80,120,40,0,true,true,false,false,0,true,
HAMMING_12_8,10,0.000000,34,80,120,40,0,true,true,false,false,0,true,
HAMMING_12_8,10,0.000000,35,80,120,40,0,true,true,false,false,0,true,
HAMMING_12_8,10,0.000000,36,80,120,40,0,true,true,false,false,0,true,
HAMMING_12_8,10,0.000000,37,80,120,40,0,true,true,false,false,0,true,
HAMMING_12_8,10,0.000000,38,80,120,40,0,true,true,false,false,0,true,
HAMMING_12_8,10,0.000000,39,80,120,40,0,true,true,false,false,0,true,
HAMMING_12_8,10,0.000000,40,80,120,40,0,true,true,false,false,0,true,
HAMMING_12_8,10,0.000000,41,80,120,40,0,true,true,false,false,0,true,
HAMMING_12_8,10,0.000000,42,80,120,40,0,true,true,false,false,0,true,
HAMMING_12_8,10,0.000000,43,80,120,40,0,true,true,false,false,0,true,
HAMMING_12_8,10,0.000000,44,80,120,40,0,true,true,false,false,0,true,
HAMMING_12_8,10,0.000000,45,80,120,40,0,true,true,false,false,0,true,
HAMMING_12_8,10,0.000000,46,80,120,40,0,true,true,false,false,0,true,
HAMMING_12_8,10,0.000000,47,80,120,40,0,true,true,false,false,0,true,
HAMMING_12_8,10,0.000000,48,80,120,40,0,true,true,false,false,0,true,
HAMMING_12_8,10,0.000000,49,80,120,40,0,true,true,false,false,0,true,
HAMMING_12_8,10,0.000000,50,80,120,40,0,true,true,false,false,0,true,
HAMMING_12_8,10,0.000000,51,80,120,40,0,true,true,false,false,0,true,
HAMMING_12_8,10,0.000000,52,80,120,40,0,true,true,false,false,0,true,
HAMMING_12_8,10,0.000000,53,80,120,40,0,true,true,false,false,0,true,
HAMMING_12_8,10,0.000000,54,80,120,40,0,true,true,false,false,0,true,
HAMMING_12_8,10,0.000000,55,80,120,40,0,true,true,false,false,0,true,
HAMMING_12_8,10,0.000000,56,80,120,40,0,true,true,false,false,0,true,
HAMMING_12_8,10,0.000000,57,80,120,40,0,true,true,false,false,0,true,
HAMMING_12_8,10,0.000000,58,80,120,40,0,true,true,false,false,0,true,
HAMMING_12_8,10,0.000000,59,80,120,40,0,true,true,false,false,0,true,
HAMMING_12_8,10,0.000000,60,80,120,40,0,true,true,false,false,0,true,
HAMMING_12_8,10,0.000000,61,80,120,40,0,true,true,false,false,0,true,
HAMMING_12_8,10,0.000000,62,80,120,40,0,true,true,false,false,0,true,
HAMMING_12_8,10,0.000000,63,80,120,40,0,true,true,false,false,0,true,
HAMMING_12_8,10,0.000000,64,80,120,40,0,true,true,false,false,0,true,
HAMMING_12_8,10,0.000000,65,80,120,40,0,true,true,false,false,0,true,
HAMMING_12_8,10,0.000000,66,80,120,40,0,true,true,false,false,0,true,
HAMMING_12_8,10,0.000000,67,80,120,40,0,true,true,false,false,0,true,
HAMMING_12_8,10,0.000000,68,80,120,40,0,true,true,false,false,0,true,
HAMMING_12_8,10,0.000000,69,80,120,40,0,true,true,false,false,0,true,
HAMMING_12_8,10,0.000000,70,80,120,40,0,true,true,false,false,0,true,
HAMMING_12_8,10,0.000000,71,80,120,40,0,true,true,false,false,0,true,
HAMMING_12_8,10,0.000000,72,80,120,40,0,true,true,false,false,0,true,
HAMMING_12_8,10,0.000000,73,80,120,40,0,true,true,false,false,0,true,
HAMMING_12_8,10,0.000000,74,80,120,40,0,true,true,false,false,0,true,
HAMMING_12_8,10,0.000000,75,80,120,40,0,true,true,false,false,0,true,
HAMMING_12_8,10,0.000000,76,80,120,40,0,true,true,false,false,0,true,
HAMMING_12_8,10,0.000000,77,80,120,40,0,true,true,false,false,0,true,
HAMMING_12_8,10,0.000000,78,80,120,40,0,true,true,false,false,0,true,
HAMMING_12_8,10,0.000000,79,80,120,40,0,true,true,false,false,0,true,
HAMMING_12_8,10,0.000000,80,80,120,40,0,true,true,false,false,0,true,
HAMMING_12_8,10,0.000000,81,80,120,40,0,true,true,false,false,0,true,
HAMMING_12_8,10,0.000000,82,80,120,40,0,true,true,false,false,0,true,
HAMMING_12_8,10,0.000000,83,80,120,40,0,true,true,false,false,0,true,
HAMMING_12_8,10,0.000000,84,80,120,40,0,true,true,false,false,0,true,
HAMMING_12_8,10,0.000000,85,80,120,40,0,true,true,false,false,0,true,
HAMMING_12_8,10,0.000000,86,80,120,40,0,true,true,false,false,0,true,
HAMMING_12_8,10,0.000000,87,80,120,40,0,true,true,false,false,0,true,
HAMMING_12_8,10,0.000000,88,80,120,40,0,true,true,false,false,0,true,
HAMMING_12_8,10,0.000000,89,80,120,40,0,true,true,false,false,0,true,
HAMMING_12_8,10,0.000000,90,80,120,40,0,true,true,false,false,0,true,
HAMMING_12_8,10,0.000000,91,80,120,40,0,true,true,false,false,0,true,
HAMMING_12_8,10,0.000000,92,80,120,40,0,true,true,false,false,0,true,
HAMMING_12_8,10,0.000000,93,80,120,40,0,true,true,false,false,0,true,
HAMMING_12_8,10,0.000000,94,80,120,40,0,true,true,false,false,0,true,
HAMMING_12_8,10,0.000000,95,80,120,40,0,true,true,false,false,0,true,
HAMMING_12_8,10,0.000000,96,80,120,40,0,true,true,false,false,0,true,
HAMMING_12_8,10,0.000000,97,80,120,40,0,true,true,false,false,0,true,
HAMMING_12_8,10,0.000000,98,80,120,40,0,true,true,false,false,0,true,
HAMMING_12_8,10,0.000000,99,80,120,40,0,true,true,false,false,0,true,
HAMMING_12_8,10,0.000000,100,80,120,40,0,true,true,false,false,0,true,
HAMMING_12_8,10,0.001000,1,80,120,40,0,true,true,false,false,0,true,
HAMMING_12_8,10,0.001000,2,80,120,40,0,true,true,false,false,0,true,
HAMMING_12_8,10,0.001000,3,80,120,40,1,true,true,true,true,1,true,
HAMMING_12_8,10,0.001000,4,80,120,40,0,true,true,false,false,0,true,
HAMMING_12_8,10,0.001000,5,80,120,40,1,true,true,true,true,1,true,
HAMMING_12_8,10,0.001000,6,80,120,40,0,true,true,false,false,0,true,
HAMMING_12_8,10,0.001000,7,80,120,40,1,true,true,true,true,1,true,
HAMMING_12_8,10,0.001000,8,80,120,40,0,true,true,false,false,0,true,
HAMMING_12_8,10,0.001000,9,80,120,40,0,true,true,false,false,0,true,
HAMMING_12_8,10,0.001000,10,80,120,40,0,true,true,false,false,0,true,
HAMMING_12_8,10,0.001000,11,80,120,40,0,true,true,false,false,0,true,
HAMMING_12_8,10,0.001000,12,80,120,40,0,true,true,false,false,0,true,
HAMMING_12_8,10,0.001000,13,80,120,40,0,true,true,false,false,0,true,
HAMMING_12_8,10,0.001000,14,80,120,40,0,true,true,false,false,0,true,
HAMMING_12_8,10,0.001000,15,80,120,40,1,true,true,true,true,1,true,
HAMMING_12_8,10,0.001000,16,80,120,40,0,true,true,false,false,0,true,
HAMMING_12_8,10,0.001000,17,80,120,40,0,true,true,false,false,0,true,
HAMMING_12_8,10,0.001000,18,80,120,40,0,true,true,false,false,0,true,
HAMMING_12_8,10,0.001000,19,80,120,40,0,true,true,false,false,0,true,
HAMMING_12_8,10,0.001000,20,80,120,40,0,true,true,false,false,0,true,
HAMMING_12_8,10,0.001000,21,80,120,40,0,true,true,false,false,0,true,
HAMMING_12_8,10,0.001000,22,80,120,40,0,true,true,false,false,0,true,
HAMMING_12_8,10,0.001000,23,80,120,40,0,true,true,false,false,0,true,
HAMMING_12_8,10,0.001000,24,80,120,40,1,true,true,true,true,1,true,
HAMMING_12_8,10,0.001000,25,80,120,40,0,true,true,false,false,0,true,
HAMMING_12_8,10,0.001000,26,80,120,40,1,true,true,true,true,1,true,
HAMMING_12_8,10,0.001000,27,80,120,40,0,true,true,false,false,0,true,
HAMMING_12_8,10,0.001000,28,80,120,40,0,true,true,false,false,0,true,
HAMMING_12_8,10,0.001000,29,80,120,40,1,true,true,true,true,1,true,
HAMMING_12_8,10,0.001000,30,80,120,40,0,true,true,false,false,0,true,
HAMMING_12_8,10,0.001000,31,80,120,40,0,true,true,false,false,0,true,
HAMMING_12_8,10,0.001000,32,80,120,40,0,true,true,false,false,0,true,
HAMMING_12_8,10,0.001000,33,80,120,40,0,true,true,false,false,0,true,
HAMMING_12_8,10,0.001000,34,80,120,40,0,true,true,false,false,0,true,
HAMMING_12_8,10,0.001000,35,80,120,40,0,true,true,false,false,0,true,
HAMMING_12_8,10,0.001000,36,80,120,40,0,true,true,false,false,0,true,
HAMMING_12_8,10,0.001000,37,80,120,40,0,true,true,false,false,0,true,
HAMMING_12_8,10,0.001000,38,80,120,40,0,true,true,false,false,0,true,
HAMMING_12_8,10,0.001000,39,80,120,40,0,true,true,false,false,0,true,
HAMMING_12_8,10,0.001000,40,80,120,40,0,true,true,false,false,0,true,
HAMMING_12_8,10,0.001000,41,80,120,40,0,true,true,false,false,0,true,
HAMMING_12_8,10,0.001000,42,80,120,40,0,true,true,false,false,0,true,
HAMMING_12_8,10,0.001000,43,80,120,40,1,true,true,true,true,1,true,
HAMMING_12_8,10,0.001000,44,80,120,40,0,true,true,false,false,0,true,
HAMMING_12_8,10,0.001000,45,80,120,40,0,true,true,false,false,0,true,
HAMMING_12_8,10,0.001000,46,80,120,40,0,true,true,false,false,0,true,
HAMMING_12_8,10,0.001000,47,80,120,40,0,true,true,false,false,0,true,
HAMMING_12_8,10,0.001000,48,80,120,40,0,true,true,false,false,0,true,
HAMMING_12_8,10,0.001000,49,80,120,40,0,true,true,false,false,0,true,
HAMMING_12_8,10,0.001000,50,80,120,40,0,true,true,false,false,0,true,
HAMMING_12_8,10,0.001000,51,80,120,40,0,true,true,false,false,0,true,
HAMMING_12_8,10,0.001000,52,80,120,40,0,true,true,false,false,0,true,
HAMMING_12_8,10,0.001000,53,80,120,40,0,true,true,false,false,0,true,
HAMMING_12_8,10,0.001000,54,80,120,40,0,true,true,false,false,0,true,
HAMMING_12_8,10,0.001000,55,80,120,40,0,true,true,false,false,0,true,
HAMMING_12_8,10,0.001000,56,80,120,40,0,true,true,false,false,0,true,
HAMMING_12_8,10,0.001000,57,80,120,40,0,true,true,false,false,0,true,
HAMMING_12_8,10,0.001000,58,80,120,40,0,true,true,false,false,0,true,
HAMMING_12_8,10,0.001000,59,80,120,40,0,true,true,false,false,0,true,
HAMMING_12_8,10,0.001000,60,80,120,40,0,true,true,false,false,0,true,
HAMMING_12_8,10,0.001000,61,80,120,40,1,true,true,true,true,1,true,
HAMMING_12_8,10,0.001000,62,80,120,40,0,true,true,false,false,0,true,
HAMMING_12_8,10,0.001000,63,80,120,40,1,true,true,true,true,1,true,
HAMMING_12_8,10,0.001000,64,80,120,40,1,true,true,true,true,1,true,
HAMMING_12_8,10,0.001000,65,80,120,40,0,true,true,false,false,0,true,
HAMMING_12_8,10,0.001000,66,80,120,40,0,true,true,false,false,0,true,
HAMMING_12_8,10,0.001000,67,80,120,40,0,true,true,false,false,0,true,
HAMMING_12_8,10,0.001000,68,80,120,40,0,true,true,false,false,0,true,
HAMMING_12_8,10,0.001000,69,80,120,40,0,true,true,false,false,0,true,
HAMMING_12_8,10,0.001000,70,80,120,40,0,true,true,false,false,0,true,
HAMMING_12_8,10,0.001000,71,80,120,40,0,true,true,false,false,0,true,
HAMMING_12_8,10,0.001000,72,80,120,40,0,true,true,false,false,0,true,
HAMMING_12_8,10,0.001000,73,80,120,40,1,true,true,true,true,1,true,
HAMMING_12_8,10,0.001000,74,80,120,40,0,true,true,false,false,0,true,
HAMMING_12_8,10,0.001000,75,80,120,40,0,true,true,false,false,0,true,
HAMMING_12_8,10,0.001000,76,80,120,40,0,true,true,false,false,0,true,
HAMMING_12_8,10,0.001000,77,80,120,40,0,true,true,false,false,0,true,
HAMMING_12_8,10,0.001000,78,80,120,40,0,true,true,false,false,0,true,
HAMMING_12_8,10,0.001000,79,80,120,40,1,true,true,true,true,1,true,
HAMMING_12_8,10,0.001000,80,80,120,40,0,true,true,false,false,0,true,
HAMMING_12_8,10,0.001000,81,80,120,40,0,true,true,false,false,0,true,
HAMMING_12_8,10,0.001000,82,80,120,40,0,true,true,false,false,0,true,
HAMMING_12_8,10,0.001000,83,80,120,40,0,true,true,false,false,0,true,
HAMMING_12_8,10,0.001000,84,80,120,40,1,true,true,true,true,1,true,
HAMMING_12_8,10,0.001000,85,80,120,40,0,true,true,false,false,0,true,
HAMMING_12_8,10,0.001000,86,80,120,40,0,true,true,false,false,0,true,
HAMMING_12_8,10,0.001000,87,80,120,40,2,true,true,true,true,2,true,
HAMMING_12_8,10,0.001000,88,80,120,40,0,true,true,false,false,0,true,
HAMMING_12_8,10,0.001000,89,80,120,40,0,true,true,false,false,0,true,
HAMMING_12_8,10,0.001000,90,80,120,40,0,true,true,false,false,0,true,
HAMMING_12_8,10,0.001000,91,80,120,40,0,true,true,false,false,0,true,
HAMMING_12_8,10,0.001000,92,80,120,40,0,true,true,false,false,0,true,
HAMMING_12_8,10,0.001000,93,80,120,40,0,true,true,false,false,0,true,
HAMMING_12_8,10,0.001000,94,80,120,40,0,true,true,false,false,0,true,
HAMMING_12_8,10,0.001000,95,80,120,40,0,true,true,false,false,0,true,
HAMMING_12_8,10,0.001000,96,80,120,40,0,true,true,false,false,0,true,
HAMMING_12_8,10,0.001000,97,80,120,40,0,true,true,false,false,0,true,
HAMMING_12_8,10,0.001000,98,80,120,40,0,true,true,false,false,0,true,
HAMMING_12_8,10,0.001000,99,80,120,40,0,true,true,false,false,0,true,
HAMMING_12_8,10,0.001000,100,80,120,40,1,true,true,true,true,1,true,
HAMMING_12_8,10,0.010000,1,80,120,40,2,true,true,true,true,2,true,
HAMMING_12_8,10,0.010000,2,80,120,40,3,true,true,true,true,3,true,
HAMMING_12_8,10,0.010000,3,80,120,40,2,true,true,true,true,2,true,
HAMMING_12_8,10,0.010000,4,80,120,40,1,true,true,true,true,1,true,
HAMMING_12_8,10,0.010000,5,80,120,40,3,true,true,true,true,3,true,
HAMMING_12_8,10,0.010000,6,80,120,40,1,true,true,true,true,1,true,
HAMMING_12_8,10,0.010000,7,80,120,40,1,true,true,true,true,1,true,
HAMMING_12_8,10,0.010000,8,80,120,40,2,true,true,true,true,2,true,
HAMMING_12_8,10,0.010000,9,80,120,40,1,true,true,true,true,1,true,
HAMMING_12_8,10,0.010000,10,80,120,40,2,true,true,true,true,2,true,
HAMMING_12_8,10,0.010000,11,80,120,40,0,true,true,false,false,0,true,
HAMMING_12_8,10,0.010000,12,80,120,40,1,true,true,true,true,1,true,
HAMMING_12_8,10,0.010000,13,80,120,40,2,true,true,true,true,2,true,
HAMMING_12_8,10,0.010000,14,80,120,40,0,true,true,false,false,0,true,
HAMMING_12_8,10,0.010000,15,80,120,40,2,true,true,true,true,2,true,
HAMMING_12_8,10,0.010000,16,80,120,40,1,true,true,true,true,1,true,
HAMMING_12_8,10,0.010000,17,80,120,40,3,true,true,true,true,3,true,
HAMMING_12_8,10,0.010000,18,80,120,40,2,true,true,true,true,1,false,
HAMMING_12_8,10,0.010000,19,80,120,40,1,true,true,true,true,1,true,
HAMMING_12_8,10,0.010000,20,80,120,40,4,true,false,true,false,0,false,byte fuera de rango ASCII: 0xD4
HAMMING_12_8,10,0.010000,21,80,120,40,1,true,true,true,true,1,true,
HAMMING_12_8,10,0.010000,22,80,120,40,2,true,true,true,true,2,true,
HAMMING_12_8,10,0.010000,23,80,120,40,0,true,true,false,false,0,true,
HAMMING_12_8,10,0.010000,24,80,120,40,2,true,true,true,true,2,true,
HAMMING_12_8,10,0.010000,25,80,120,40,3,true,true,true,true,3,true,
HAMMING_12_8,10,0.010000,26,80,120,40,0,true,true,false,false,0,true,
HAMMING_12_8,10,0.010000,27,80,120,40,3,true,true,true,true,3,true,
HAMMING_12_8,10,0.010000,28,80,120,40,1,true,true,true,true,1,true,
HAMMING_12_8,10,0.010000,29,80,120,40,2,true,true,true,true,2,true,
HAMMING_12_8,10,0.010000,30,80,120,40,0,true,true,false,false,0,true,
HAMMING_12_8,10,0.010000,31,80,120,40,1,true,true,true,true,1,true,
HAMMING_12_8,10,0.010000,32,80,120,40,2,true,true,true,true,2,true,
HAMMING_12_8,10,0.010000,33,80,120,40,2,true,true,true,true,1,false,
HAMMING_12_8,10,0.010000,34,80,120,40,1,true,true,true,true,1,true,
HAMMING_12_8,10,0.010000,35,80,120,40,3,true,true,true,true,3,true,
HAMMING_12_8,10,0.010000,36,80,120,40,1,true,true,true,true,1,true,
HAMMING_12_8,10,0.010000,37,80,120,40,0,true,true,false,false,0,true,
HAMMING_12_8,10,0.010000,38,80,120,40,1,true,true,true,true,1,true,
HAMMING_12_8,10,0.010000,39,80,120,40,3,true,true,true,true,3,true,
HAMMING_12_8,10,0.010000,40,80,120,40,0,true,true,false,false,0,true,
HAMMING_12_8,10,0.010000,41,80,120,40,1,true,true,true,true,1,true,
HAMMING_12_8,10,0.010000,42,80,120,40,0,true,true,false,false,0,true,
HAMMING_12_8,10,0.010000,43,80,120,40,1,true,true,true,true,1,true,
HAMMING_12_8,10,0.010000,44,80,120,40,0,true,true,false,false,0,true,
HAMMING_12_8,10,0.010000,45,80,120,40,0,true,true,false,false,0,true,
HAMMING_12_8,10,0.010000,46,80,120,40,0,true,true,false,false,0,true,
HAMMING_12_8,10,0.010000,47,80,120,40,2,true,true,true,true,2,true,
HAMMING_12_8,10,0.010000,48,80,120,40,0,true,true,false,false,0,true,
HAMMING_12_8,10,0.010000,49,80,120,40,1,true,true,true,true,1,true,
HAMMING_12_8,10,0.010000,50,80,120,40,2,true,true,true,true,2,true,
HAMMING_12_8,10,0.010000,51,80,120,40,0,true,true,false,false,0,true,
HAMMING_12_8,10,0.010000,52,80,120,40,1,true,true,true,true,1,true,
HAMMING_12_8,10,0.010000,53,80,120,40,4,true,false,true,false,0,false,síndrome Hamming inválido (14) en bloque offset 4
HAMMING_12_8,10,0.010000,54,80,120,40,4,true,true,true,true,4,true,
HAMMING_12_8,10,0.010000,55,80,120,40,0,true,true,false,false,0,true,
HAMMING_12_8,10,0.010000,56,80,120,40,0,true,true,false,false,0,true,
HAMMING_12_8,10,0.010000,57,80,120,40,1,true,true,true,true,1,true,
HAMMING_12_8,10,0.010000,58,80,120,40,0,true,true,false,false,0,true,
HAMMING_12_8,10,0.010000,59,80,120,40,1,true,true,true,true,1,true,
HAMMING_12_8,10,0.010000,60,80,120,40,3,true,true,true,true,3,true,
HAMMING_12_8,10,0.010000,61,80,120,40,1,true,true,true,true,1,true,
HAMMING_12_8,10,0.010000,62,80,120,40,0,true,true,false,false,0,true,
HAMMING_12_8,10,0.010000,63,80,120,40,0,true,true,false,false,0,true,
HAMMING_12_8,10,0.010000,64,80,120,40,0,true,true,false,false,0,true,
HAMMING_12_8,10,0.010000,65,80,120,40,0,true,true,false,false,0,true,
HAMMING_12_8,10,0.010000,66,80,120,40,0,true,true,false,false,0,true,
HAMMING_12_8,10,0.010000,67,80,120,40,1,true,true,true,true,1,true,
HAMMING_12_8,10,0.010000,68,80,120,40,0,true,true,false,false,0,true,
HAMMING_12_8,10,0.010000,69,80,120,40,0,true,true,false,false,0,true,
HAMMING_12_8,10,0.010000,70,80,120,40,4,true,false,true,false,0,false,síndrome Hamming inválido (14) en bloque offset 1
HAMMING_12_8,10,0.010000,71,80,120,40,2,true,true,true,true,2,true,
HAMMING_12_8,10,0.010000,72,80,120,40,0,true,true,false,false,0,true,
HAMMING_12_8,10,0.010000,73,80,120,40,0,true,true,false,false,0,true,
HAMMING_12_8,10,0.010000,74,80,120,40,0,true,true,false,false,0,true,
HAMMING_12_8,10,0.010000,75,80,120,40,4,true,true,true,true,2,false,
HAMMING_12_8,10,0.010000,76,80,120,40,1,true,true,true,true,1,true,
HAMMING_12_8,10,0.010000,77,80,120,40,0,true,true,false,false,0,true,
HAMMING_12_8,10,0.010000,78,80,120,40,2,true,true,true,true,2,true,
HAMMING_12_8,10,0.010000,79,80,120,40,2,true,true,true,true,2,true,
HAMMING_12_8,10,0.010000,80,80,120,40,1,true,true,true,true,1,true,
HAMMING_12_8,10,0.010000,81,80,120,40,0,true,true,false,false,0,true,
HAMMING_12_8,10,0.010000,82,80,120,40,2,true,true,true,true,2,true,
HAMMING_12_8,10,0.010000,83,80,120,40,0,true,true,false,false,0,true,
HAMMING_12_8,10,0.010000,84,80,120,40,0,true,true,false,false,0,true,
HAMMING_12_8,10,0.010000,85,80,120,40,1,true,true,true,true,1,true,
HAMMING_12_8,10,0.010000,86,80,120,40,0,true,true,false,false,0,true,
HAMMING_12_8,10,0.010000,87,80,120,40,3,true,true,true,true,3,true,
HAMMING_12_8,10,0.010000,88,80,120,40,1,true,true,true,true,1,true,
HAMMING_12_8,10,0.010000,89,80,120,40,2,true,true,true,true,2,true,
HAMMING_12_8,10,0.010000,90,80,120,40,1,true,true,true,true,1,true,
HAMMING_12_8,10,0.010000,91,80,120,40,0,true,true,false,false,0,true,
HAMMING_12_8,10,0.010000,92,80,120,40,1,true,true,true,true,1,true,
HAMMING_12_8,10,0.010000,93,80,120,40,1,true,true,true,true,1,true,
HAMMING_12_8,10,0.010000,94,80,120,40,0,true,true,false,false,0,true,
HAMMING_12_8,10,0.010000,95,80,120,40,1,true,true,true,true,1,true,
HAMMING_12_8,10,0.010000,96,80,120,40,0,true,true,false,false,0,true,
HAMMING_12_8,10,0.010000,97,80,120,40,5,true,true,true,true,5,true,
HAMMING_12_8,10,0.010000,98,80,120,40,2,true,true,true,true,2,true,
HAMMING_12_8,10,0.010000,99,80,120,40,2,true,true,true,true,2,true,
HAMMING_12_8,10,0.010000,100,80,120,40,2,true,true,true,true,2,true,
HAMMING_12_8,10,0.050000,1,80,120,40,5,true,false,true,false,0,false,byte fuera de rango ASCII: 0xA2
HAMMING_12_8,10,0.050000,2,80,120,40,8,true,false,true,false,0,false,byte fuera de rango ASCII: 0xAB
HAMMING_12_8,10,0.050000,3,80,120,40,4,true,false,true,false,0,false,síndrome Hamming inválido (14) en bloque offset 9
HAMMING_12_8,10,0.050000,4,80,120,40,6,true,false,true,false,0,false,síndrome Hamming inválido (15) en bloque offset 7
HAMMING_12_8,10,0.050000,5,80,120,40,7,true,false,true,false,0,false,byte fuera de rango ASCII: 0xDA
HAMMING_12_8,10,0.050000,6,80,120,40,5,true,true,true,true,4,false,
HAMMING_12_8,10,0.050000,7,80,120,40,6,true,false,true,false,0,false,síndrome Hamming inválido (15) en bloque offset 0
HAMMING_12_8,10,0.050000,8,80,120,40,5,true,true,true,true,4,false,
HAMMING_12_8,10,0.050000,9,80,120,40,5,true,true,true,true,4,false,
HAMMING_12_8,10,0.050000,10,80,120,40,8,true,false,true,false,0,false,síndrome Hamming inválido (15) en bloque offset 6
HAMMING_12_8,10,0.050000,11,80,120,40,6,true,false,true,false,0,false,síndrome Hamming inválido (14) en bloque offset 0
HAMMING_12_8,10,0.050000,12,80,120,40,7,true,true,true,true,5,false,
HAMMING_12_8,10,0.050000,13,80,120,40,8,true,false,true,false,0,false,síndrome Hamming inválido (14) en bloque offset 7
HAMMING_12_8,10,0.050000,14,80,120,40,7,true,false,true,false,0,false,síndrome Hamming inválido (14) en bloque offset 1
HAMMING_12_8,10,0.050000,15,80,120,40,6,true,false,true,false,0,false,byte fuera de rango ASCII: 0xDC
HAMMING_12_8,10,0.050000,16,80,120,40,9,true,false,true,false,0,false,síndrome Hamming inválido (14) en bloque offset 5
HAMMING_12_8,10,0.050000,17,80,120,40,9,true,true,true,true,7,false,
HAMMING_12_8,10,0.050000,18,80,120,40,6,true,false,true,false,0,false,byte fuera de rango ASCII: 0xD5
HAMMING_12_8,10,0.050000,19,80,120,40,5,true,false,true,false,0,false,síndrome Hamming inválido (14) en bloque offset 6
HAMMING_12_8,10,0.050000,20,80,120,40,5,true,true,true,true,5,true,
HAMMING_12_8,10,0.050000,21,80,120,40,8,true,false,true,false,0,false,byte fuera de rango ASCII: 0xD5
HAMMING_12_8,10,0.050000,22,80,120,40,4,true,true,true,true,4,true,
HAMMING_12_8,10,0.050000,23,80,120,40,4,true,true,true,true,4,true,
HAMMING_12_8,10,0.050000,24,80,120,40,4,true,true,true,true,3,false,
HAMMING_12_8,10,0.050000,25,80,120,40,10,true,false,true,false,0,false,síndrome Hamming inválido (13) en bloque offset 1
HAMMING_12_8,10,0.050000,26,80,120,40,6,true,true,true,true,6,true,
HAMMING_12_8,10,0.050000,27,80,120,40,4,true,true,true,true,4,true,
HAMMING_12_8,10,0.050000,28,80,120,40,10,true,false,true,false,0,false,síndrome Hamming inválido (15) en bloque offset 1
HAMMING_12_8,10,0.050000,29,80,120,40,7,true,true,true,true,7,true,
HAMMING_12_8,10,0.050000,30,80,120,40,9,true,false,true,false,0,false,byte fuera de rango ASCII: 0xE8
HAMMING_12_8,10,0.050000,31,80,120,40,3,true,true,true,true,3,true,
HAMMING_12_8,10,0.050000,32,80,120,40,5,true,true,true,true,5,true,
HAMMING_12_8,10,0.050000,33,80,120,40,5,true,true,true,true,5,true,
HAMMING_12_8,10,0.050000,34,80,120,40,5,true,true,true,true,3,false,
HAMMING_12_8,10,0.050000,35,80,120,40,9,true,false,true,false,0,false,byte fuera de rango ASCII: 0xE5
HAMMING_12_8,10,0.050000,36,80,120,40,4,true,true,true,true,4,true,
HAMMING_12_8,10,0.050000,37,80,120,40,6,true,true,true,true,5,false,
HAMMING_12_8,10,0.050000,38,80,120,40,6,true,true,true,true,5,false,
HAMMING_12_8,10,0.050000,39,80,120,40,4,true,true,true,true,4,true,
HAMMING_12_8,10,0.050000,40,80,120,40,7,true,false,true,false,0,false,byte fuera de rango ASCII: 0xEC
HAMMING_12_8,10,0.050000,41,80,120,40,7,true,false,true,false,0,false,síndrome Hamming inválido (13) en bloque offset 2
HAMMING_12_8,10,0.050000,42,80,120,40,9,true,false,true,false,0,false,byte fuera de rango ASCII: 0xF1
HAMMING_12_8,10,0.050000,43,80,120,40,5,true,false,true,false,0,false,byte fuera de rango ASCII: 0xE8
HAMMING_12_8,10,0.050000,44,80,120,40,5,true,false,true,false,0,false,síndrome Hamming inválido (14) en bloque offset 1
HAMMING_12_8,10,0.050000,45,80,120,40,5,true,false,true,false,0,false,byte fuera de rango ASCII: 0xD2
HAMMING_12_8,10,0.050000,46,80,120,40,5,true,true,true,true,4,false,
HAMMING_12_8,10,0.050000,47,80,120,40,6,true,true,true,true,4,false,
HAMMING_12_8,10,0.050000,48,80,120,40,5,true,true,true,true,5,true,
HAMMING_12_8,10,0.050000,49,80,120,40,8,true,true,true,true,7,false,
HAMMING_12_8,10,0.050000,50,80,120,40,1,true,true,true,true,1,true,
HAMMING_12_8,10,0.050000,51,80,120,40,7,true,false,true,false,0,false,byte fuera de rango ASCII: 0xF6
HAMMING_12_8,10,0.050000,52,80,120,40,6,true,true,true,true,4,false,
HAMMING_12_8,10,0.050000,53,80,120,40,1,true,true,true,true,1,true,
HAMMING_12_8,10,0.050000,54,80,120,40,8,true,false,true,false,0,false,byte fuera de rango ASCII: 0xA2
HAMMING_12_8,10,0.050000,55,80,120,40,6,true,false,true,false,0,false,byte fuera de rango ASCII: 0xC0
HAMMING_12_8,10,0.050000,56,80,120,40,3,true,true,true,true,3,true,
HAMMING_12_8,10,0.050000,57,80,120,40,9,true,false,true,false,0,false,síndrome Hamming inválido (14) en bloque offset 7
HAMMING_12_8,10,0.050000,58,80,120,40,8,true,false,true,false,0,false,síndrome Hamming inválido (13) en bloque offset 6
HAMMING_12_8,10,0.050000,59,80,120,40,4,true,true,true,true,3,false,
HAMMING_12_8,10,0.050000,60,80,120,40,4,true,false,true,false,0,false,byte fuera de rango ASCII: 0xD6
HAMMING_12_8,10,0.050000,61,80,120,40,3,true,true,true,true,3,true,
HAMMING_12_8,10,0.050000,62,80,120,40,4,true,true,true,true,4,true,
HAMMING_12_8,10,0.050000,63,80,120,40,8,true,false,true,false,0,false,síndrome Hamming inválido (13) en bloque offset 7
HAMMING_12_8,10,0.050000,64,80,120,40,5,true,true,true,true,3,false,
HAMMING_12_8,10,0.050000,65,80,120,40,5,true,true,true,true,4,false,
HAMMING_12_8,10,0.050000,66,80,120,40,9,true,true,true,true,8,false,
HAMMING_12_8,10,0.050000,67,80,120,40,5,true,false,true,false,0,false,byte fuera de rango ASCII: 0xD6
HAMMING_12_8,10,0.050000,68,80,120,40,8,true,true,true,true,5,false,
HAMMING_12_8,10,0.050000,69,80,120,40,3,true,true,true,true,2,false,
HAMMING_12_8,10,0.050000,70,80,120,40,6,true,false,true,false,0,false,byte fuera de rango ASCII: 0xCF
HAMMING_12_8,10,0.050000,71,80,120,40,6,true,false,true,false,0,false,síndrome Hamming inválido (13) en bloque offset 8
HAMMING_12_8,10,0.050000,72,80,120,40,7,true,true,true,true,6,false,
HAMMING_12_8,10,0.050000,73,80,120,40,5,true,true,true,true,4,false,
HAMMING_12_8,10,0.050000,74,80,120,40,4,true,true,true,true,4,true,
HAMMING_12_8,10,0.050000,75,80,120,40,7,true,false,true,false,0,false,síndrome Hamming inválido (15) en bloque offset 5
HAMMING_12_8,10,0.050000,76,80,120,40,5,true,true,true,true,4,false,
HAMMING_12_8,10,0.050000,77,80,120,40,5,true,false,true,false,0,false,síndrome Hamming inválido (14) en bloque offset 1
HAMMING_12_8,10,0.050000,78,80,120,40,4,true,true,true,true,4,true,
HAMMING_12_8,10,0.050000,79,80,120,40,4,true,true,true,true,4,true,
HAMMING_12_8,10,0.050000,80,80,120,40,11,true,true,true,true,7,false,
HAMMING_12_8,10,0.050000,81,80,120,40,5,true,true,true,true,5,true,
HAMMING_12_8,10,0.050000,82,80,120,40,3,true,true,true,true,3,true,
HAMMING_12_8,10,0.050000,83,80,120,40,2,true,true,true,true,2,true,
HAMMING_12_8,10,0.050000,84,80,120,40,9,true,true,true,true,6,false,
HAMMING_12_8,10,0.050000,85,80,120,40,8,true,false,true,false,0,false,síndrome Hamming inválido (14) en bloque offset 3
HAMMING_12_8,10,0.050000,86,80,120,40,4,true,false,true,false,0,false,byte fuera de rango ASCII: 0xF8
HAMMING_12_8,10,0.050000,87,80,120,40,8,true,false,true,false,0,false,byte fuera de rango ASCII: 0xA1
HAMMING_12_8,10,0.050000,88,80,120,40,9,true,true,true,true,6,false,
HAMMING_12_8,10,0.050000,89,80,120,40,9,true,false,true,false,0,false,síndrome Hamming inválido (15) en bloque offset 1
HAMMING_12_8,10,0.050000,90,80,120,40,8,true,false,true,false,0,false,síndrome Hamming inválido (14) en bloque offset 0
HAMMING_12_8,10,0.050000,91,80,120,40,2,true,true,true,true,2,true,
HAMMING_12_8,10,0.050000,92,80,120,40,3,true,true,true,true,3,true,
HAMMING_12_8,10,0.050000,93,80,120,40,6,true,true,true,true,5,false,
HAMMING_12_8,10,0.050000,94,80,120,40,6,true,false,true,false,0,false,síndrome Hamming inválido (13) en bloque offset 9
HAMMING_12_8,10,0.050000,95,80,120,40,1,true,true,true,true,1,true,
HAMMING_12_8,10,0.050000,96,80,120,40,5,true,false,true,false,0,false,byte fuera de rango ASCII: 0xEF
HAMMING_12_8,10,0.050000,97,80,120,40,4,true,true,true,true,4,true,
HAMMING_12_8,10,0.050000,98,80,120,40,4,true,true,true,true,4,true,
HAMMING_12_8,10,0.050000,99,80,120,40,5,true,true,true,true,4,false,
HAMMING_12_8,10,0.050000,100,80,120,40,6,true,true,true,true,6,true,
HAMMING_12_8,100,0.000000,1,800,1200,400,0,true,true,false,false,0,true,
HAMMING_12_8,100,0.000000,2,800,1200,400,0,true,true,false,false,0,true,
HAMMING_12_8,100,0.000000,3,800,1200,400,0,true,true,false,false,0,true,
HAMMING_12_8,100,0.000000,4,800,1200,400,0,true,true,false,false,0,true,
HAMMING_12_8,100,0.000000,5,800,1200,400,0,true,true,false,false,0,true,
HAMMING_12_8,100,0.000000,6,800,1200,400,0,true,true,false,false,0,true,
HAMMING_12_8,100,0.000000,7,800,1200,400,0,true,true,false,false,0,true,
HAMMING_12_8,100,0.000000,8,800,1200,400,0,true,true,false,false,0,true,
HAMMING_12_8,100,0.000000,9,800,1200,400,0,true,true,false,false,0,true,
HAMMING_12_8,100,0.000000,10,800,1200,400,0,true,true,false,false,0,true,
HAMMING_12_8,100,0.000000,11,800,1200,400,0,true,true,false,false,0,true,
HAMMING_12_8,100,0.000000,12,800,1200,400,0,true,true,false,false,0,true,
HAMMING_12_8,100,0.000000,13,800,1200,400,0,true,true,false,false,0,true,
HAMMING_12_8,100,0.000000,14,800,1200,400,0,true,true,false,false,0,true,
HAMMING_12_8,100,0.000000,15,800,1200,400,0,true,true,false,false,0,true,
HAMMING_12_8,100,0.000000,16,800,1200,400,0,true,true,false,false,0,true,
HAMMING_12_8,100,0.000000,17,800,1200,400,0,true,true,false,false,0,true,
HAMMING_12_8,100,0.000000,18,800,1200,400,0,true,true,false,false,0,true,
HAMMING_12_8,100,0.000000,19,800,1200,400,0,true,true,false,false,0,true,
HAMMING_12_8,100,0.000000,20,800,1200,400,0,true,true,false,false,0,true,
HAMMING_12_8,100,0.000000,21,800,1200,400,0,true,true,false,false,0,true,
HAMMING_12_8,100,0.000000,22,800,1200,400,0,true,true,false,false,0,true,
HAMMING_12_8,100,0.000000,23,800,1200,400,0,true,true,false,false,0,true,
HAMMING_12_8,100,0.000000,24,800,1200,400,0,true,true,false,false,0,true,
HAMMING_12_8,100,0.000000,25,800,1200,400,0,true,true,false,false,0,true,
HAMMING_12_8,100,0.000000,26,800,1200,400,0,true,true,false,false,0,true,
HAMMING_12_8,100,0.000000,27,800,1200,400,0,true,true,false,false,0,true,
HAMMING_12_8,100,0.000000,28,800,1200,400,0,true,true,false,false,0,true,
HAMMING_12_8,100,0.000000,29,800,1200,400,0,true,true,false,false,0,true,
HAMMING_12_8,100,0.000000,30,800,1200,400,0,true,true,false,false,0,true,
HAMMING_12_8,100,0.000000,31,800,1200,400,0,true,true,false,false,0,true,
HAMMING_12_8,100,0.000000,32,800,1200,400,0,true,true,false,false,0,true,
HAMMING_12_8,100,0.000000,33,800,1200,400,0,true,true,false,false,0,true,
HAMMING_12_8,100,0.000000,34,800,1200,400,0,true,true,false,false,0,true,
HAMMING_12_8,100,0.000000,35,800,1200,400,0,true,true,false,false,0,true,
HAMMING_12_8,100,0.000000,36,800,1200,400,0,true,true,false,false,0,true,
HAMMING_12_8,100,0.000000,37,800,1200,400,0,true,true,false,false,0,true,
HAMMING_12_8,100,0.000000,38,800,1200,400,0,true,true,false,false,0,true,
HAMMING_12_8,100,0.000000,39,800,1200,400,0,true,true,false,false,0,true,
HAMMING_12_8,100,0.000000,40,800,1200,400,0,true,true,false,false,0,true,
HAMMING_12_8,100,0.000000,41,800,1200,400,0,true,true,false,false,0,true,
HAMMING_12_8,100,0.000000,42,800,1200,400,0,true,true,false,false,0,true,
HAMMING_12_8,100,0.000000,43,800,1200,400,0,true,true,false,false,0,true,
HAMMING_12_8,100,0.000000,44,800,1200,400,0,true,true,false,false,0,true,
HAMMING_12_8,100,0.000000,45,800,1200,400,0,true,true,false,false,0,true,
HAMMING_12_8,100,0.000000,46,800,1200,400,0,true,true,false,false,0,true,
HAMMING_12_8,100,0.000000,47,800,1200,400,0,true,true,false,false,0,true,
HAMMING_12_8,100,0.000000,48,800,1200,400,0,true,true,false,false,0,true,
HAMMING_12_8,100,0.000000,49,800,1200,400,0,true,true,false,false,0,true,
HAMMING_12_8,100,0.000000,50,800,1200,400,0,true,true,false,false,0,true,
HAMMING_12_8,100,0.000000,51,800,1200,400,0,true,true,false,false,0,true,
HAMMING_12_8,100,0.000000,52,800,1200,400,0,true,true,false,false,0,true,
HAMMING_12_8,100,0.000000,53,800,1200,400,0,true,true,false,false,0,true,
HAMMING_12_8,100,0.000000,54,800,1200,400,0,true,true,false,false,0,true,
HAMMING_12_8,100,0.000000,55,800,1200,400,0,true,true,false,false,0,true,
HAMMING_12_8,100,0.000000,56,800,1200,400,0,true,true,false,false,0,true,
HAMMING_12_8,100,0.000000,57,800,1200,400,0,true,true,false,false,0,true,
HAMMING_12_8,100,0.000000,58,800,1200,400,0,true,true,false,false,0,true,
HAMMING_12_8,100,0.000000,59,800,1200,400,0,true,true,false,false,0,true,
HAMMING_12_8,100,0.000000,60,800,1200,400,0,true,true,false,false,0,true,
HAMMING_12_8,100,0.000000,61,800,1200,400,0,true,true,false,false,0,true,
HAMMING_12_8,100,0.000000,62,800,1200,400,0,true,true,false,false,0,true,
HAMMING_12_8,100,0.000000,63,800,1200,400,0,true,true,false,false,0,true,
HAMMING_12_8,100,0.000000,64,800,1200,400,0,true,true,false,false,0,true,
HAMMING_12_8,100,0.000000,65,800,1200,400,0,true,true,false,false,0,true,
HAMMING_12_8,100,0.000000,66,800,1200,400,0,true,true,false,false,0,true,
HAMMING_12_8,100,0.000000,67,800,1200,400,0,true,true,false,false,0,true,
HAMMING_12_8,100,0.000000,68,800,1200,400,0,true,true,false,false,0,true,
HAMMING_12_8,100,0.000000,69,800,1200,400,0,true,true,false,false,0,true,
HAMMING_12_8,100,0.000000,70,800,1200,400,0,true,true,false,false,0,true,
HAMMING_12_8,100,0.000000,71,800,1200,400,0,true,true,false,false,0,true,
HAMMING_12_8,100,0.000000,72,800,1200,400,0,true,true,false,false,0,true,
HAMMING_12_8,100,0.000000,73,800,1200,400,0,true,true,false,false,0,true,
HAMMING_12_8,100,0.000000,74,800,1200,400,0,true,true,false,false,0,true,
HAMMING_12_8,100,0.000000,75,800,1200,400,0,true,true,false,false,0,true,
HAMMING_12_8,100,0.000000,76,800,1200,400,0,true,true,false,false,0,true,
HAMMING_12_8,100,0.000000,77,800,1200,400,0,true,true,false,false,0,true,
HAMMING_12_8,100,0.000000,78,800,1200,400,0,true,true,false,false,0,true,
HAMMING_12_8,100,0.000000,79,800,1200,400,0,true,true,false,false,0,true,
HAMMING_12_8,100,0.000000,80,800,1200,400,0,true,true,false,false,0,true,
HAMMING_12_8,100,0.000000,81,800,1200,400,0,true,true,false,false,0,true,
HAMMING_12_8,100,0.000000,82,800,1200,400,0,true,true,false,false,0,true,
HAMMING_12_8,100,0.000000,83,800,1200,400,0,true,true,false,false,0,true,
HAMMING_12_8,100,0.000000,84,800,1200,400,0,true,true,false,false,0,true,
HAMMING_12_8,100,0.000000,85,800,1200,400,0,true,true,false,false,0,true,
HAMMING_12_8,100,0.000000,86,800,1200,400,0,true,true,false,false,0,true,
HAMMING_12_8,100,0.000000,87,800,1200,400,0,true,true,false,false,0,true,
HAMMING_12_8,100,0.000000,88,800,1200,400,0,true,true,false,false,0,true,
HAMMING_12_8,100,0.000000,89,800,1200,400,0,true,true,false,false,0,true,
HAMMING_12_8,100,0.000000,90,800,1200,400,0,true,true,false,false,0,true,
HAMMING_12_8,100,0.000000,91,800,1200,400,0,true,true,false,false,0,true,
HAMMING_12_8,100,0.000000,92,800,1200,400,0,true,true,false,false,0,true,
HAMMING_12_8,100,0.000000,93,800,1200,400,0,true,true,false,false,0,true,
HAMMING_12_8,100,0.000000,94,800,1200,400,0,true,true,false,false,0,true,
HAMMING_12_8,100,0.000000,95,800,1200,400,0,true,true,false,false,0,true,
HAMMING_12_8,100,0.000000,96,800,1200,400,0,true,true,false,false,0,true,
HAMMING_12_8,100,0.000000,97,800,1200,400,0,true,true,false,false,0,true,
HAMMING_12_8,100,0.000000,98,800,1200,400,0,true,true,false,false,0,true,
HAMMING_12_8,100,0.000000,99,800,1200,400,0,true,true,false,false,0,true,
HAMMING_12_8,100,0.000000,100,800,1200,400,0,true,true,false,false,0,true,
HAMMING_12_8,100,0.001000,1,800,1200,400,2,true,true,true,true,2,true,
HAMMING_12_8,100,0.001000,2,800,1200,400,0,true,true,false,false,0,true,
HAMMING_12_8,100,0.001000,3,800,1200,400,0,true,true,false,false,0,true,
HAMMING_12_8,100,0.001000,4,800,1200,400,1,true,true,true,true,1,true,
HAMMING_12_8,100,0.001000,5,800,1200,400,2,true,true,true,true,2,true,
HAMMING_12_8,100,0.001000,6,800,1200,400,0,true,true,false,false,0,true,
HAMMING_12_8,100,0.001000,7,800,1200,400,2,true,true,true,true,2,true,
HAMMING_12_8,100,0.001000,8,800,1200,400,1,true,true,true,true,1,true,
HAMMING_12_8,100,0.001000,9,800,1200,400,2,true,true,true,true,2,true,
HAMMING_12_8,100,0.001000,10,800,1200,400,0,true,true,false,false,0,true,
HAMMING_12_8,100,0.001000,11,800,1200,400,0,true,true,false,false,0,true,
HAMMING_12_8,100,0.001000,12,800,1200,400,2,true,true,true,true,2,true,
HAMMING_12_8,100,0.001000,13,800,1200,400,4,true,true,true,true,4,true,
HAMMING_12_8,100,0.001000,14,800,1200,400,1,true,true,true,true,1,true,
HAMMING_12_8,100,0.001000,15,800,1200,400,0,true,true,false,false,0,true,
HAMMING_12_8,100,0.001000,16,800,1200,400,0,true,true,false,false,0,true,
HAMMING_12_8,100,0.001000,17,800,1200,400,0,true,true,false,false,0,true,
HAMMING_12_8,100,0.001000,18,800,1200,400,0,true,true,false,false,0,true,
HAMMING_12_8,100,0.001000,19,800,1200,400,0,true,true,false,false,0,true,
HAMMING_12_8,100,0.001000,20,800,1200,400,0,true,true,false,false,0,true,
HAMMING_12_8,100,0.001000,21,800,1200,400,0,true,true,false,false,0,true,
HAMMING_12_8,100,0.001000,22,800,1200,400,0,true,true,false,false,0,true,
HAMMING_12_8,100,0.001000,23,800,1200,400,0,true,true,false,false,0,true,
HAMMING_12_8,100,0.001000,24,800,1200,400,1,true,true,true,true,1,true,
HAMMING_12_8,100,0.001000,25,800,1200,400,1,true,true,true,true,1,true,
HAMMING_12_8,100,0.001000,26,800,1200,400,0,true,true,false,false,0,true,
HAMMING_12_8,100,0.001000,27,800,1200,400,1,true,true,true,true,1,true,
HAMMING_12_8,100,0.001000,28,800,1200,400,0,true,true,false,false,0,true,
HAMMING_12_8,100,0.001000,29,800,1200,400,4,true,true,true,true,4,true,
HAMMING_12_8,100,0.001000,30,800,1200,400,0,true,true,false,false,0,true,
HAMMING_12_8,100,0.001000,31,800,1200,400,1,true,true,true,true,1,true,
HAMMING_12_8,100,0.001000,32,800,1200,400,2,true,true,true,true,2,true,
HAMMING_12_8,100,0.001000,33,800,1200,400,2,true,true,true,true,2,true,
HAMMING_12_8,100,0.001000,34,800,1200,400,1,true,true,true,true,1,true,
HAMMING_12_8,100,0.001000,35,800,1200,400,1,true,true,true,true,1,true,
HAMMING_12_8,100,0.001000,36,800,1200,400,1,true,true,true,true,1,true,
HAMMING_12_8,100,0.001000,37,800,1200,400,3,true,true,true,true,3,true,
HAMMING_12_8,100,0.001000,38,800,1200,400,0,true,true,false,false,0,true,
HAMMING_12_8,100,0.001000,39,800,1200,400,1,true,true,true,true,1,true,
HAMMING_12_8,100,0.001000,40,800,1200,400,0,true,true,false,false,0,true,
HAMMING_12_8,100,0.001000,41,800,1200,400,1,true,true,true,true,1,true,
HAMMING_12_8,100,0.001000,42,800,1200,400,0,true,true,false,false,0,true,
HAMMING_12_8,100,0.001000,43,800,1200,400,2,true,true,true,true,2,true,
HAMMING_12_8,100,0.001000,44,800,1200,400,0,true,true,false,false,0,true,
HAMMING_12_8,100,0.001000,45,800,1200,400,1,true,true,true,true,1,true,
HAMMING_12_8,100,0.001000,46,800,1200,400,3,true,true,true,true,3,true,
HAMMING_12_8,100,0.001000,47,800,1200,400,0,true,true,false,false,0,true,
HAMMING_12_8,100,0.001000,48,800,1200,400,1,true,true,true,true,1,true,
HAMMING_12_8,100,0.001000,49,800,1200,400,1,true,true,true,true,1,true,
HAMMING_12_8,100,0.001000,50,800,1200,400,2,true,true,true,true,2,true,
HAMMING_12_8,100,0.001000,51,800,1200,400,3,true,true,true,true,3,true,
HAMMING_12_8,100,0.001000,52,800,1200,400,4,true,true,true,true,4,true,
HAMMING_12_8,100,0.001000,53,800,1200,400,1,true,true,true,true,1,true,
HAMMING_12_8,100,0.001000,54,800,1200,400,3,true,true,true,true,3,true,
HAMMING_12_8,100,0.001000,55,800,1200,400,2,true,true,true,true,2,true,
HAMMING_12_8,100,0.001000,56,800,1200,400,4,true,true,true,true,4,true,
HAMMING_12_8,100,0.001000,57,800,1200,400,1,true,true,true,true,1,true,
HAMMING_12_8,100,0.001000,58,800,1200,400,1,true,true,true,true,1,true,
HAMMING_12_8,100,0.001000,59,800,1200,400,0,true,true,false,false,0,true,
HAMMING_12_8,100,0.001000,60,800,1200,400,1,true,true,true,true,1,true,
HAMMING_12_8,100,0.001000,61,800,1200,400,1,true,true,true,true,1,true,
HAMMING_12_8,100,0.001000,62,800,1200,400,1,true,true,true,true,1,true,
HAMMING_12_8,100,0.001000,63,800,1200,400,2,true,true,true,true,2,true,
HAMMING_12_8,100,0.001000,64,800,1200,400,0,true,true,false,false,0,true,
HAMMING_12_8,100,0.001000,65,800,1200,400,3,true,true,true,true,3,true,
HAMMING_12_8,100,0.001000,66,800,1200,400,0,true,true,false,false,0,true,
HAMMING_12_8,100,0.001000,67,800,1200,400,2,true,true,true,true,2,true,
HAMMING_12_8,100,0.001000,68,800,1200,400,0,true,true,false,false,0,true,
HAMMING_12_8,100,0.001000,69,800,1200,400,1,true,true,true,true,1,true,
HAMMING_12_8,100,0.001000,70,800,1200,400,3,true,true,true,true,3,true,
HAMMING_12_8,100,0.001000,71,800,1200,400,1,true,true,true,true,1,true,
HAMMING_12_8,100,0.001000,72,800,1200,400,1,true,true,true,true,1,true,
HAMMING_12_8,100,0.001000,73,800,1200,400,2,true,true,true,true,2,true,
HAMMING_12_8,100,0.001000,74,800,1200,400,1,true,true,true,true,1,true,
HAMMING_12_8,100,0.001000,75,800,1200,400,1,true,true,true,true,1,true,
HAMMING_12_8,100,0.001000,76,800,1200,400,1,true,true,true,true,1,true,
HAMMING_12_8,100,0.001000,77,800,1200,400,0,true,true,false,false,0,true,
HAMMING_12_8,100,0.001000,78,800,1200,400,2,true,true,true,true,2,true,
HAMMING_12_8,100,0.001000,79,800,1200,400,3,true,true,true,true,3,true,
HAMMING_12_8,100,0.001000,80,800,1200,400,3,true,true,true,true,3,true,
HAMMING_12_8,100,0.001000,81,800,1200,400,1,true,true,true,true,1,true,
HAMMING_12_8,100,0.001000,82,800,1200,400,2,true,true,true,true,2,true,
HAMMING_12_8,100,0.001000,83,800,1200,400,0,true,true,false,false,0,true,
HAMMING_12_8,100,0.001000,84,800,1200,400,2,true,true,true,true,2,true,
HAMMING_12_8,100,0.001000,85,800,1200,400,3,true,true,true,true,3,true,
HAMMING_12_8,100,0.001000,86,800,1200,400,4,true,true,true,true,4,true,
HAMMING_12_8,100,0.001000,87,800,1200,400,1,true,true,true,true,1,true,
HAMMING_12_8,100,0.001000,88,800,1200,400,2,true,true,true,true,2,true,
HAMMING_12_8,100,0.001000,89,800,1200,400,2,true,true,true,true,2,true,
HAMMING_12_8,100,0.001000,90,800,1200,400,2,true,true,true,true,2,true,
HAMMING_12_8,100,0.001000,91,800,1200,400,0,true,true,false,false,0,true,
HAMMING_12_8,100,0.001000,92,800,1200,400,1,true,true,true,true,1,true,
HAMMING_12_8,100,0.001000,93,800,1200,400,0,true,true,false,false,0,true,
HAMMING_12_8,100,0.001000,94,800,1200,400,1,true,true,true,true,1,true,
HAMMING_12_8,100,0.001000,95,800,1200,400,1,true,true,true,true,1,true,
HAMMING_12_8,100,0.001000,96,800,1200,400,2,true,true,true,true,2,true,
HAMMING_12_8,100,0.001000,97,800,1200,400,2,true,true,true,true,2,true,
HAMMING_12_8,100,0.001000,98,800,1200,400,2,true,true,true,true,2,true,
HAMMING_12_8,100,0.001000,99,800,1200,400,0,true,true,false,false,0,true,
HAMMING_12_8,100,0.001000,100,800,1200,400,1,true,true,true,true,1,true,
HAMMING_12_8,100,0.010000,1,800,1200,400,13,true,true,true,true,13,true,
HAMMING_12_8,100,0.010000,2,800,1200,400,18,true,true,true,true,17,false,
HAMMING_12_8,100,0.010000,3,800,1200,400,7,true,true,true,true,7,true,
HAMMING_12_8,100,0.010000,4,800,1200,400,9,true,true,true,true,9,true,
HAMMING_12_8,100,0.010000,5,800,1200,400,17,true,true,true,true,12,false,
HAMMING_12_8,100,0.010000,6,800,1200,400,8,true,false,true,false,0,false,síndrome Hamming inválido (13) en bloque offset 12
HAMMING_12_8,100,0.010000,7,800,1200,400,15,true,true,true,true,15,true,
HAMMING_12_8,100,0.010000,8,800,1200,400,10,true,true,true,true,10,true,
HAMMING_12_8,100,0.010000,9,800,1200,400,18,true,false,true,false,0,false,byte fuera de rango ASCII: 0xD8
HAMMING_12_8,100,0.010000,10,800,1200,400,17,true,true,true,true,16,false,
HAMMING_12_8,100,0.010000,11,800,1200,400,17,true,true,true,true,17,true,
HAMMING_12_8,100,0.010000,12,800,1200,400,9,true,true,true,true,9,true,
HAMMING_12_8,100,0.010000,13,800,1200,400,11,true,true,true,true,11,true,
HAMMING_12_8,100,0.010000,14,800,1200,400,8,true,false,true,false,0,false,síndrome Hamming inválido (14) en bloque offset 47
HAMMING_12_8,100,0.010000,15,800,1200,400,13,true,true,true,true,13,true,
HAMMING_12_8,100,0.010000,16,800,1200,400,8,true,true,true,true,8,true,
HAMMING_12_8,100,0.010000,17,800,1200,400,10,true,true,true,true,10,true,
HAMMING_12_8,100,0.010000,18,800,1200,400,12,true,true,true,true,12,true,
HAMMING_12_8,100,0.010000,19,800,1200,400,12,true,true,true,true,12,true,
HAMMING_12_8,100,0.010000,20,800,1200,400,10,true,true,true,true,10,true,
HAMMING_12_8,100,0.010000,21,800,1200,400,14,true,true,true,true,14,true,
HAMMING_12_8,100,0.010000,22,800,1200,400,13,true,true,true,true,13,true,
HAMMING_12_8,100,0.010000,23,800,1200,400,12,true,true,true,true,12,true,
HAMMING_12_8,100,0.010000,24,800,1200,400,12,true,true,true,true,12,true,
HAMMING_12_8,100,0.010000,25,800,1200,400,11,true,false,true,false,0,false,byte fuera de rango ASCII: 0x91
HAMMING_12_8,100,0.010000,26,800,1200,400,14,true,true,true,true,14,true,
HAMMING_12_8,100,0.010000,27,800,1200,400,18,true,false,true,false,0,false,síndrome Hamming inválido (15) en bloque offset 9
HAMMING_12_8,100,0.010000,28,800,1200,400,12,true,false,true,false,0,false,byte fuera de rango ASCII: 0xB3
HAMMING_12_8,100,0.010000,29,800,1200,400,8,true,true,true,true,7,false,
HAMMING_12_8,100,0.010000,30,800,1200,400,12,true,true,true,true,12,true,
HAMMING_12_8,100,0.010000,31,800,1200,400,8,true,true,true,true,8,true,
HAMMING_12_8,100,0.010000,32,800,1200,400,3,true,true,true,true,3,true,
HAMMING_12_8,100,0.010000,33,800,1200,400,12,true,false,true,false,0,false,síndrome Hamming inválido (15) en bloque offset 56
HAMMING_12_8,100,0.010000,34,800,1200,400,13,true,true,true,true,12,false,
HAMMING_12_8,100,0.010000,35,800,1200,400,10,true,true,true,true,9,false,
HAMMING_12_8,100,0.010000,36,800,1200,400,7,true,true,true,true,7,true,
HAMMING_12_8,100,0.010000,37,800,1200,400,15,true,true,true,true,15,true,
HAMMING_12_8,100,0.010000,38,800,1200,400,14,true,false,true,false,0,false,síndrome Hamming inválido (13) en bloque offset 92
HAMMING_12_8,100,0.010000,39,800,1200,400,14,true,true,true,true,13,false,
HAMMING_12_8,100,0.010000,40,800,1200,400,14,true,true,true,true,13,false,
HAMMING_12_8,100,0.010000,41,800,1200,400,13,true,true,true,true,11,false,
HAMMING_12_8,100,0.010000,42,800,1200,400,18,true,true,true,true,17,false,
HAMMING_12_8,100,0.010000,43,800,1200,400,10,true,true,true,true,10,true,
HAMMING_12_8,100,0.010000,44,800,1200,400,14,true,true,true,true,14,true,
HAMMING_12_8,100,0.010000,45,800,1200,400,12,true,true,true,true,12,true,
HAMMING_12_8,100,0.010000,46,800,1200,400,14,true,true,true,true,14,true,
HAMMING_12_8,100,0.010000,47,800,1200,400,10,true,true,true,true,10,true,
HAMMING_12_8,100,0.010000,48,800,1200,400,10,true,true,true,true,10,true,
HAMMING_12_8,100,0.010000,49,800,1200,400,13,true,true,true,true,12,false,
HAMMING_12_8,100,0.010000,50,800,1200,400,16,true,true,true,true,16,true,
HAMMING_12_8,100,0.010000,51,800,1200,400,13,true,true,true,true,13,true,
HAMMING_12_8,100,0.010000,52,800,1200,400,13,true,false,true,false,0,false,síndrome Hamming inválido (15) en bloque offset 86
HAMMING_12_8,100,0.010000,53,800,1200,400,17,true,true,true,true,14,false,
HAMMING_12_8,100,0.010000,54,800,1200,400,8,true,false,true,false,0,false,byte fuera de rango ASCII: 0xA1
HAMMING_12_8,100,0.010000,55,800,1200,400,12,true,false,true,false,0,false,byte fuera de rango ASCII: 0xC6
HAMMING_12_8,100,0.010000,56,800,1200,400,11,true,false,true,false,0,false,síndrome Hamming inválido (15) en bloque offset 18
HAMMING_12_8,100,0.010000,57,800,1200,400,14,true,false,true,false,0,false,síndrome Hamming inválido (13) en bloque offset 12
HAMMING_12_8,100,0.010000,58,800,1200,400,10,true,false,true,false,0,false,síndrome Hamming inválido (14) en bloque offset 21
HAMMING_12_8,100,0.010000,59,800,1200,400,9,true,false,true,false,0,false,byte fuera de rango ASCII: 0xA7
HAMMING_12_8,100,0.010000,60,800,1200,400,9,true,true,true,true,9,true,
HAMMING_12_8,100,0.010000,61,800,1200,400,13,true,true,true,true,13,true,
HAMMING_12_8,100,0.010000,62,800,1200,400,18,true,false,true,false,0,false,síndrome Hamming inválido (14) en bloque offset 43
HAMMING_12_8,100,0.010000,63,800,1200,400,5,true,true,true,true,5,true,
HAMMING_12_8,100,0.010000,64,800,1200,400,7,true,true,true,true,7,true,
HAMMING_12_8,100,0.010000,65,800,1200,400,11,true,true,true,true,11,true,
HAMMING_12_8,100,0.010000,66,800,1200,400,14,true,true,true,true,14,true,
HAMMING_12_8,100,0.010000,67,800,1200,400,10,true,true,true,true,9,false,
HAMMING_12_8,100,0.010000,68,800,1200,400,20,true,true,true,true,20,true,
HAMMING_12_8,100,0.010000,69,800,1200,400,7,true,true,true,true,7,true,
HAMMING_12_8,100,0.010000,70,800,1200,400,12,true,true,true,true,10,false,
HAMMING_12_8,100,0.010000,71,800,1200,400,16,true,true,true,true,15,false,
HAMMING_12_8,100,0.010000,72,800,1200,400,5,true,true,true,true,4,false,
HAMMING_12_8,100,0.010000,73,800,1200,400,12,true,true,true,true,12,true,
HAMMING_12_8,100,0.010000,74,800,1200,400,13,true,true,true,true,13,true,
HAMMING_12_8,100,0.010000,75,800,1200,400,12,true,true,true,true,12,true,
HAMMING_12_8,100,0.010000,76,800,1200,400,12,true,true,true,true,11,false,
HAMMING_12_8,100,0.010000,77,800,1200,400,16,true,true,true,true,15,false,
HAMMING_12_8,100,0.010000,78,800,1200,400,21,true,true,true,true,20,false,
HAMMING_12_8,100,0.010000,79,800,1200,400,9,true,true,true,true,9,true,
HAMMING_12_8,100,0.010000,80,800,1200,400,14,true,true,true,true,14,true,
HAMMING_12_8,100,0.010000,81,800,1200,400,11,true,true,true,true,11,true,
HAMMING_12_8,100,0.010000,82,800,1200,400,14,true,true,true,true,14,true,
HAMMING_12_8,100,0.010000,83,800,1200,400,13,true,true,true,true,13,true,
HAMMING_12_8,100,0.010000,84,800,1200,400,11,true,true,true,true,11,true,
HAMMING_12_8,100,0.010000,85,800,1200,400,8,true,true,true,true,8,true,
HAMMING_12_8,100,0.010000,86,800,1200,400,12,true,true,true,true,12,true,
HAMMING_12_8,100,0.010000,87,800,1200,400,11,true,false,true,false,0,false,síndrome Hamming inválido (14) en bloque offset 88
HAMMING_12_8,100,0.010000,88,800,1200,400,20,true,true,true,true,20,true,
HAMMING_12_8,100,0.010000,89,800,1200,400,9,true,true,true,true,9,true,
HAMMING_12_8,100,0.010000,90,800,1200,400,11,true,true,true,true,11,true,
HAMMING_12_8,100,0.010000,91,800,1200,400,11,true,true,true,true,11,true,
HAMMING_12_8,100,0.010000,92,800,1200,400,7,true,true,true,true,7,true,
HAMMING_12_8,100,0.010000,93,800,1200,400,11,true,true,true,true,11,true,
HAMMING_12_8,100,0.010000,94,800,1200,400,11,true,true,true,true,10,false,
HAMMING_12_8,100,0.010000,95,800,1200,400,9,true,true,true,true,7,false,
HAMMING_12_8,100,0.010000,96,800,1200,400,16,true,true,true,true,16,true,
HAMMING_12_8,100,0.010000,97,800,1200,400,8,true,true,true,true,8,true,
HAMMING_12_8,100,0.010000,98,800,1200,400,6,true,true,true,true,6,true,
HAMMING_12_8,100,0.010000,99,800,1200,400,18,true,false,true,false,0,false,síndrome Hamming inválido (14) en bloque offset 16
HAMMING_12_8,100,0.010000,100,800,1200,400,10,true,true,true,true,10,true,
HAMMING_12_8,100,0.050000,1,800,1200,400,54,true,false,true,false,0,false,síndrome Hamming inválido (15) en bloque offset 58
HAMMING_12_8,100,0.050000,2,800,1200,400,61,true,false,true,false,0,false,síndrome Hamming inválido (13) en bloque offset 13
HAMMING_12_8,100,0.050000,3,800,1200,400,65,true,false,true,false,0,false,síndrome Hamming inválido (14) en bloque offset 49
HAMMING_12_8,100,0.050000,4,800,1200,400,39,true,false,true,false,0,false,síndrome Hamming inválido (13) en bloque offset 11
HAMMING_12_8,100,0.050000,5,800,1200,400,63,true,false,true,false,0,false,síndrome Hamming inválido (14) en bloque offset 45
HAMMING_12_8,100,0.050000,6,800,1200,400,66,true,false,true,false,0,false,síndrome Hamming inválido (15) en bloque offset 14
HAMMING_12_8,100,0.050000,7,800,1200,400,54,true,false,true,false,0,false,síndrome Hamming inválido (14) en bloque offset 12
HAMMING_12_8,100,0.050000,8,800,1200,400,61,true,false,true,false,0,false,síndrome Hamming inválido (14) en bloque offset 74
HAMMING_12_8,100,0.050000,9,800,1200,400,72,true,false,true,false,0,false,síndrome Hamming inválido (13) en bloque offset 28
HAMMING_12_8,100,0.050000,10,800,1200,400,66,true,false,true,false,0,false,síndrome Hamming inválido (15) en bloque offset 78
HAMMING_12_8,100,0.050000,11,800,1200,400,55,true,false,true,false,0,false,síndrome Hamming inválido (13) en bloque offset 18
HAMMING_12_8,100,0.050000,12,800,1200,400,51,true,false,true,false,0,false,byte fuera de rango ASCII: 0xED
HAMMING_12_8,100,0.050000,13,800,1200,400,59,true,false,true,false,0,false,byte fuera de rango ASCII: 0xDF
HAMMING_12_8,100,0.050000,14,800,1200,400,56,true,false,true,false,0,false,síndrome Hamming inválido (15) en bloque offset 76
HAMMING_12_8,100,0.050000,15,800,1200,400,65,true,false,true,false,0,false,síndrome Hamming inválido (15) en bloque offset 4
HAMMING_12_8,100,0.050000,16,800,1200,400,48,true,false,true,false,0,false,byte fuera de rango ASCII: 0xE4
HAMMING_12_8,100,0.050000,17,800,1200,400,65,true,false,true,false,0,false,síndrome Hamming inválido (14) en bloque offset 28
HAMMING_12_8,100,0.050000,18,800,1200,400,66,true,false,true,false,0,false,síndrome Hamming inválido (14) en bloque offset 30
HAMMING_12_8,100,0.050000,19,800,1200,400,53,true,false,true,false,0,false,síndrome Hamming inválido (13) en bloque offset 21
HAMMING_12_8,100,0.050000,20,800,1200,400,56,true,false,true,false,0,false,síndrome Hamming inválido (15) en bloque offset 49
HAMMING_12_8,100,0.050000,21,800,1200,400,57,true,false,true,false,0,false,síndrome Hamming inválido (14) en bloque offset 62
HAMMING_12_8,100,0.050000,22,800,1200,400,62,true,false,true,false,0,false,síndrome Hamming inválido (14) en bloque offset 18
HAMMING_12_8,100,0.050000,23,800,1200,400,72,true,false,true,false,0,false,síndrome Hamming inválido (14) en bloque offset 26
HAMMING_12_8,100,0.050000,24,800,1200,400,66,true,false,true,false,0,false,síndrome Hamming inválido (15) en bloque offset 33
HAMMING_12_8,100,0.050000,25,800,1200,400,64,true,false,true,false,0,false,síndrome Hamming inválido (13) en bloque offset 62
HAMMING_12_8,100,0.050000,26,800,1200,400,68,true,false,true,false,0,false,síndrome Hamming inválido (15) en bloque offset 72
HAMMING_12_8,100,0.050000,27,800,1200,400,73,true,false,true,false,0,false,síndrome Hamming inválido (14) en bloque offset 23
HAMMING_12_8,100,0.050000,28,800,1200,400,54,true,false,true,false,0,false,síndrome Hamming inválido (14) en bloque offset 15
HAMMING_12_8,100,0.050000,29,800,1200,400,62,true,false,true,false,0,false,síndrome Hamming inválido (14) en bloque offset 1
HAMMING_12_8,100,0.050000,30,800,1200,400,61,true,false,true,false,0,false,síndrome Hamming inválido (15) en bloque offset 43
HAMMING_12_8,100,0.050000,31,800,1200,400,70,true,false,true,false,0,false,síndrome Hamming inválido (13) en bloque offset 4
HAMMING_12_8,100,0.050000,32,800,1200,400,63,true,false,true,false,0,false,síndrome Hamming inválido (14) en bloque offset 14
HAMMING_12_8,100,0.050000,33,800,1200,400,52,true,false,true,false,0,false,síndrome Hamming inválido (15) en bloque offset 54
HAMMING_12_8,100,0.050000,34,800,1200,400,65,true,false,true,false,0,false,síndrome Hamming inválido (13) en bloque offset 15
HAMMING_12_8,100,0.050000,35,800,1200,400,67,true,false,true,false,0,false,síndrome Hamming inválido (13) en bloque offset 8
HAMMING_12_8,100,0.050000,36,800,1200,400,68,true,false,true,false,0,false,síndrome Hamming inválido (15) en bloque offset 13
HAMMING_12_8,100,0.050000,37,800,1200,400,56,true,false,true,false,0,false,síndrome Hamming inválido (13) en bloque offset 5
HAMMING_12_8,100,0.050000,38,800,1200,400,62,true,false,true,false,0,false,síndrome Hamming inválido (15) en bloque offset 23
HAMMING_12_8,100,0.050000,39,800,1200,400,60,true,false,true,false,0,false,byte fuera de rango ASCII: 0xBE
HAMMING_12_8,100,0.050000,40,800,1200,400,58,true,false,true,false,0,false,síndrome Hamming inválido (13) en bloque offset 60
HAMMING_12_8,100,0.050000,41,800,1200,400,54,true,false,true,false,0,false,byte fuera de rango ASCII: 0x91
HAMMING_12_8,100,0.050000,42,800,1200,400,63,true,false,true,false,0,false,síndrome Hamming inválido (13) en bloque offset 6
HAMMING_12_8,100,0.050000,43,800,1200,400,69,true,false,true,false,0,false,síndrome Hamming inválido (14) en bloque offset 11
HAMMING_12_8,100,0.050000,44,800,1200,400,65,true,false,true,false,0,false,síndrome Hamming inválido (14) en bloque offset 35
HAMMING_12_8,100,0.050000,45,800,1200,400,77,true,false,true,false,0,false,síndrome Hamming inválido (14) en bloque offset 22
HAMMING_12_8,100,0.050000,46,800,1200,400,58,true,false,true,false,0,false,síndrome Hamming inválido (13) en bloque offset 58
HAMMING_12_8,100,0.050000,47,800,1200,400,64,true,false,true,false,0,false,síndrome Hamming inválido (14) en bloque offset 8
HAMMING_12_8,100,0.050000,48,800,1200,400,59,true,false,true,false,0,false,síndrome Hamming inválido (13) en bloque offset 4
HAMMING_12_8,100,0.050000,49,800,1200,400,60,true,false,true,false,0,false,síndrome Hamming inválido (13) en bloque offset 42
HAMMING_12_8,100,0.050000,50,800,1200,400,54,true,false,true,false,0,false,byte fuera de rango ASCII: 0xFD
HAMMING_12_8,100,0.050000,51,800,1200,400,59,true,false,true,false,0,false,síndrome Hamming inválido (14) en bloque offset 35
HAMMING_12_8,100,0.050000,52,800,1200,400,71,true,false,true,false,0,false,síndrome Hamming inválido (15) en bloque offset 56
HAMMING_12_8,100,0.050000,53,800,1200,400,38,true,false,true,false,0,false,síndrome Hamming inválido (13) en bloque offset 52
HAMMING_12_8,100,0.050000,54,800,1200,400,66,true,false,true,false,0,false,síndrome Hamming inválido (15) en bloque offset 2
HAMMING_12_8,100,0.050000,55,800,1200,400,63,true,false,true,false,0,false,síndrome Hamming inválido (14) en bloque offset 38
HAMMING_12_8,100,0.050000,56,800,1200,400,43,true,false,true,false,0,false,síndrome Hamming inválido (15) en bloque offset 5
HAMMING_12_8,100,0.050000,57,800,1200,400,66,true,false,true,false,0,false,síndrome Hamming inválido (14) en bloque offset 12
HAMMING_12_8,100,0.050000,58,800,1200,400,69,true,false,true,false,0,false,síndrome Hamming inválido (15) en bloque offset 33
HAMMING_12_8,100,0.050000,59,800,1200,400,46,true,false,true,false,0,false,síndrome Hamming inválido (13) en bloque offset 9
HAMMING_12_8,100,0.050000,60,800,1200,400,53,true,false,true,false,0,false,byte fuera de rango ASCII: 0xD9
HAMMING_12_8,100,0.050000,61,800,1200,400,62,true,false,true,false,0,false,síndrome Hamming inválido (14) en bloque offset 2
HAMMING_12_8,100,0.050000,62,800,1200,400,60,true,false,true,false,0,false,síndrome Hamming inválido (13) en bloque offset 57
HAMMING_12_8,100,0.050000,63,800,1200,400,73,true,false,true,false,0,false,síndrome Hamming inválido (15) en bloque offset 0
HAMMING_12_8,100,0.050000,64,800,1200,400,59,true,false,true,false,0,false,byte fuera de rango ASCII: 0xEA
HAMMING_12_8,100,0.050000,65,800,1200,400,54,true,false,true,false,0,false,síndrome Hamming inválido (13) en bloque offset 25
HAMMING_12_8,100,0.050000,66,800,1200,400,45,true,false,true,false,0,false,síndrome Hamming inválido (14) en bloque offset 31
HAMMING_12_8,100,0.050000,67,800,1200,400,59,true,false,true,false,0,false,síndrome Hamming inválido (14) en bloque offset 43
HAMMING_12_8,100,0.050000,68,800,1200,400,50,true,false,true,false,0,false,síndrome Hamming inválido (13) en bloque offset 39
HAMMING_12_8,100,0.050000,69,800,1200,400,49,true,false,true,false,0,false,síndrome Hamming inválido (13) en bloque offset 0
HAMMING_12_8,100,0.050000,70,800,1200,400,63,true,false,true,false,0,false,síndrome Hamming inválido (14) en bloque offset 10
HAMMING_12_8,100,0.050000,71,800,1200,400,53,true,false,true,false,0,false,síndrome Hamming inválido (13) en bloque offset 24
HAMMING_12_8,100,0.050000,72,800,1200,400,57,true,false,true,false,0,false,síndrome Hamming inválido (15) en bloque offset 5
HAMMING_12_8,100,0.050000,73,800,1200,400,50,true,false,true,false,0,false,síndrome Hamming inválido (15) en bloque offset 5
HAMMING_12_8,100,0.050000,74,800,1200,400,53,true,false,true,false,0,false,síndrome Hamming inválido (15) en bloque offset 56
HAMMING_12_8,100,0.050000,75,800,1200,400,56,true,false,true,false,0,false,síndrome Hamming inválido (15) en bloque offset 35
HAMMING_12_8,100,0.050000,76,800,1200,400,62,true,false,true,false,0,false,síndrome Hamming inválido (14) en bloque offset 19
HAMMING_12_8,100,0.050000,77,800,1200,400,62,true,false,true,false,0,false,síndrome Hamming inválido (14) en bloque offset 17
HAMMING_12_8,100,0.050000,78,800,1200,400,54,true,false,true,false,0,false,síndrome Hamming inválido (14) en bloque offset 10
HAMMING_12_8,100,0.050000,79,800,1200,400,60,true,false,true,false,0,false,síndrome Hamming inválido (14) en bloque offset 18
HAMMING_12_8,100,0.050000,80,800,1200,400,66,true,false,true,false,0,false,síndrome Hamming inválido (13) en bloque offset 3
HAMMING_12_8,100,0.050000,81,800,1200,400,69,true,false,true,false,0,false,síndrome Hamming inválido (14) en bloque offset 78
HAMMING_12_8,100,0.050000,82,800,1200,400,62,true,false,true,false,0,false,síndrome Hamming inválido (15) en bloque offset 43
HAMMING_12_8,100,0.050000,83,800,1200,400,63,true,false,true,false,0,false,síndrome Hamming inválido (14) en bloque offset 88
HAMMING_12_8,100,0.050000,84,800,1200,400,56,true,false,true,false,0,false,síndrome Hamming inválido (13) en bloque offset 7
HAMMING_12_8,100,0.050000,85,800,1200,400,56,true,false,true,false,0,false,síndrome Hamming inválido (13) en bloque offset 11
HAMMING_12_8,100,0.050000,86,800,1200,400,46,true,false,true,false,0,false,síndrome Hamming inválido (14) en bloque offset 46
HAMMING_12_8,100,0.050000,87,800,1200,400,56,true,false,true,false,0,false,síndrome Hamming inválido (13) en bloque offset 10
HAMMING_12_8,100,0.050000,88,800,1200,400,59,true,false,true,false,0,false,síndrome Hamming inválido (13) en bloque offset 6
HAMMING_12_8,100,0.050000,89,800,1200,400,41,true,false,true,false,0,false,síndrome Hamming inválido (13) en bloque offset 41
HAMMING_12_8,100,0.050000,90,800,1200,400,49,true,false,true,false,0,false,síndrome Hamming inválido (15) en bloque offset 21
HAMMING_12_8,100,0.050000,91,800,1200,400,67,true,false,true,false,0,false,síndrome Hamming inválido (13) en bloque offset 82
HAMMING_12_8,100,0.050000,92,800,1200,400,63,true,false,true,false,0,false,síndrome Hamming inválido (14) en bloque offset 2
HAMMING_12_8,100,0.050000,93,800,1200,400,57,true,false,true,false,0,false,síndrome Hamming inválido (15) en bloque offset 22
HAMMING_12_8,100,0.050000,94,800,1200,400,59,true,false,true,false,0,false,síndrome Hamming inválido (15) en bloque offset 56
HAMMING_12_8,100,0.050000,95,800,1200,400,64,true,false,true,false,0,false,síndrome Hamming inválido (14) en bloque offset 40
HAMMING_12_8,100,0.050000,96,800,1200,400,55,true,false,true,false,0,false,síndrome Hamming inválido (14) en bloque offset 68
HAMMING_12_8,100,0.050000,97,800,1200,400,58,true,false,true,false,0,false,síndrome Hamming inválido (15) en bloque offset 22
HAMMING_12_8,100,0.050000,98,800,1200,400,60,true,false,true,false,0,false,síndrome Hamming inválido (13) en bloque offset 0
HAMMING_12_8,100,0.050000,99,800,1200,400,70,true,false,true,false,0,false,síndrome Hamming inválido (15) en bloque offset 33
HAMMING_12_8,100,0.050000,100,800,1200,400,68,true,false,true,false,0,false,síndrome Hamming inválido (13) en bloque offset 28
HAMMING_12_8,1000,0.000000,1,8000,12000,4000,0,true,true,false,false,0,true,
HAMMING_12_8,1000,0.000000,2,8000,12000,4000,0,true,true,false,false,0,true,
HAMMING_12_8,1000,0.000000,3,8000,12000,4000,0,true,true,false,false,0,true,
HAMMING_12_8,1000,0.000000,4,8000,12000,4000,0,true,true,false,false,0,true,
HAMMING_12_8,1000,0.000000,5,8000,12000,4000,0,true,true,false,false,0,true,
HAMMING_12_8,1000,0.000000,6,8000,12000,4000,0,true,true,false,false,0,true,
HAMMING_12_8,1000,0.000000,7,8000,12000,4000,0,true,true,false,false,0,true,
HAMMING_12_8,1000,0.000000,8,8000,12000,4000,0,true,true,false,false,0,true,
HAMMING_12_8,1000,0.000000,9,8000,12000,4000,0,true,true,false,false,0,true,
HAMMING_12_8,1000,0.000000,10,8000,12000,4000,0,true,true,false,false,0,true,
HAMMING_12_8,1000,0.000000,11,8000,12000,4000,0,true,true,false,false,0,true,
HAMMING_12_8,1000,0.000000,12,8000,12000,4000,0,true,true,false,false,0,true,
HAMMING_12_8,1000,0.000000,13,8000,12000,4000,0,true,true,false,false,0,true,
HAMMING_12_8,1000,0.000000,14,8000,12000,4000,0,true,true,false,false,0,true,
HAMMING_12_8,1000,0.000000,15,8000,12000,4000,0,true,true,false,false,0,true,
HAMMING_12_8,1000,0.000000,16,8000,12000,4000,0,true,true,false,false,0,true,
HAMMING_12_8,1000,0.000000,17,8000,12000,4000,0,true,true,false,false,0,true,
HAMMING_12_8,1000,0.000000,18,8000,12000,4000,0,true,true,false,false,0,true,
HAMMING_12_8,1000,0.000000,19,8000,12000,4000,0,true,true,false,false,0,true,
HAMMING_12_8,1000,0.000000,20,8000,12000,4000,0,true,true,false,false,0,true,
HAMMING_12_8,1000,0.000000,21,8000,12000,4000,0,true,true,false,false,0,true,
HAMMING_12_8,1000,0.000000,22,8000,12000,4000,0,true,true,false,false,0,true,
HAMMING_12_8,1000,0.000000,23,8000,12000,4000,0,true,true,false,false,0,true,
HAMMING_12_8,1000,0.000000,24,8000,12000,4000,0,true,true,false,false,0,true,
HAMMING_12_8,1000,0.000000,25,8000,12000,4000,0,true,true,false,false,0,true,
HAMMING_12_8,1000,0.000000,26,8000,12000,4000,0,true,true,false,false,0,true,
HAMMING_12_8,1000,0.000000,27,8000,12000,4000,0,true,true,false,false,0,true,
HAMMING_12_8,1000,0.000000,28,8000,12000,4000,0,true,true,false,false,0,true,
HAMMING_12_8,1000,0.000000,29,8000,12000,4000,0,true,true,false,false,0,true,
HAMMING_12_8,1000,0.000000,30,8000,12000,4000,0,true,true,false,false,0,true,
HAMMING_12_8,1000,0.000000,31,8000,12000,4000,0,true,true,false,false,0,true,
HAMMING_12_8,1000,0.000000,32,8000,12000,4000,0,true,true,false,false,0,true,
HAMMING_12_8,1000,0.000000,33,8000,12000,4000,0,true,true,false,false,0,true,
HAMMING_12_8,1000,0.000000,34,8000,12000,4000,0,true,true,false,false,0,true,
HAMMING_12_8,1000,0.000000,35,8000,12000,4000,0,true,true,false,false,0,true,
HAMMING_12_8,1000,0.000000,36,8000,12000,4000,0,true,true,false,false,0,true,
HAMMING_12_8,1000,0.000000,37,8000,12000,4000,0,true,true,false,false,0,true,
HAMMING_12_8,1000,0.000000,38,8000,12000,4000,0,true,true,false,false,0,true,
HAMMING_12_8,1000,0.000000,39,8000,12000,4000,0,true,true,false,false,0,true,
HAMMING_12_8,1000,0.000000,40,8000,12000,4000,0,true,true,false,false,0,true,
HAMMING_12_8,1000,0.000000,41,8000,12000,4000,0,true,true,false,false,0,true,
HAMMING_12_8,1000,0.000000,42,8000,12000,4000,0,true,true,false,false,0,true,
HAMMING_12_8,1000,0.000000,43,8000,12000,4000,0,true,true,false,false,0,true,
HAMMING_12_8,1000,0.000000,44,8000,12000,4000,0,true,true,false,false,0,true,
HAMMING_12_8,1000,0.000000,45,8000,12000,4000,0,true,true,false,false,0,true,
HAMMING_12_8,1000,0.000000,46,8000,12000,4000,0,true,true,false,false,0,true,
HAMMING_12_8,1000,0.000000,47,8000,12000,4000,0,true,true,false,false,0,true,
HAMMING_12_8,1000,0.000000,48,8000,12000,4000,0,true,true,false,false,0,true,
HAMMING_12_8,1000,0.000000,49,8000,12000,4000,0,true,true,false,false,0,true,
HAMMING_12_8,1000,0.000000,50,8000,12000,4000,0,true,true,false,false,0,true,
HAMMING_12_8,1000,0.000000,51,8000,12000,4000,0,true,true,false,false,0,true,
HAMMING_12_8,1000,0.000000,52,8000,12000,4000,0,true,true,false,false,0,true,
HAMMING_12_8,1000,0.000000,53,8000,12000,4000,0,true,true,false,false,0,true,
HAMMING_12_8,1000,0.000000,54,8000,12000,4000,0,true,true,false,false,0,true,
HAMMING_12_8,1000,0.000000,55,8000,12000,4000,0,true,true,false,false,0,true,
HAMMING_12_8,1000,0.000000,56,8000,12000,4000,0,true,true,false,false,0,true,
HAMMING_12_8,1000,0.000000,57,8000,12000,4000,0,true,true,false,false,0,true,
HAMMING_12_8,1000,0.000000,58,8000,12000,4000,0,true,true,false,false,0,true,
HAMMING_12_8,1000,0.000000,59,8000,12000,4000,0,true,true,false,false,0,true,
HAMMING_12_8,1000,0.000000,60,8000,12000,4000,0,true,true,false,false,0,true,
HAMMING_12_8,1000,0.000000,61,8000,12000,4000,0,true,true,false,false,0,true,
HAMMING_12_8,1000,0.000000,62,8000,12000,4000,0,true,true,false,false,0,true,
HAMMING_12_8,1000,0.000000,63,8000,12000,4000,0,true,true,false,false,0,true,
HAMMING_12_8,1000,0.000000,64,8000,12000,4000,0,true,true,false,false,0,true,
HAMMING_12_8,1000,0.000000,65,8000,12000,4000,0,true,true,false,false,0,true,
HAMMING_12_8,1000,0.000000,66,8000,12000,4000,0,true,true,false,false,0,true,
HAMMING_12_8,1000,0.000000,67,8000,12000,4000,0,true,true,false,false,0,true,
HAMMING_12_8,1000,0.000000,68,8000,12000,4000,0,true,true,false,false,0,true,
HAMMING_12_8,1000,0.000000,69,8000,12000,4000,0,true,true,false,false,0,true,
HAMMING_12_8,1000,0.000000,70,8000,12000,4000,0,true,true,false,false,0,true,
HAMMING_12_8,1000,0.000000,71,8000,12000,4000,0,true,true,false,false,0,true,
HAMMING_12_8,1000,0.000000,72,8000,12000,4000,0,true,true,false,false,0,true,
HAMMING_12_8,1000,0.000000,73,8000,12000,4000,0,true,true,false,false,0,true,
HAMMING_12_8,1000,0.000000,74,8000,12000,4000,0,true,true,false,false,0,true,
HAMMING_12_8,1000,0.000000,75,8000,12000,4000,0,true,true,false,false,0,true,
HAMMING_12_8,1000,0.000000,76,8000,12000,4000,0,true,true,false,false,0,true,
HAMMING_12_8,1000,0.000000,77,8000,12000,4000,0,true,true,false,false,0,true,
HAMMING_12_8,1000,0.000000,78,8000,12000,4000,0,true,true,false,false,0,true,
HAMMING_12_8,1000,0.000000,79,8000,12000,4000,0,true,true,false,false,0,true,
HAMMING_12_8,1000,0.000000,80,8000,12000,4000,0,true,true,false,false,0,true,
HAMMING_12_8,1000,0.000000,81,8000,12000,4000,0,true,true,false,false,0,true,
HAMMING_12_8,1000,0.000000,82,8000,12000,4000,0,true,true,false,false,0,true,
HAMMING_12_8,1000,0.000000,83,8000,12000,4000,0,true,true,false,false,0,true,
HAMMING_12_8,1000,0.000000,84,8000,12000,4000,0,true,true,false,false,0,true,
HAMMING_12_8,1000,0.000000,85,8000,12000,4000,0,true,true,false,false,0,true,
HAMMING_12_8,1000,0.000000,86,8000,12000,4000,0,true,true,false,false,0,true,
HAMMING_12_8,1000,0.000000,87,8000,12000,4000,0,true,true,false,false,0,true,
HAMMING_12_8,1000,0.000000,88,8000,12000,4000,0,true,true,false,false,0,true,
HAMMING_12_8,1000,0.000000,89,8000,12000,4000,0,true,true,false,false,0,true,
HAMMING_12_8,1000,0.000000,90,8000,12000,4000,0,true,true,false,false,0,true,
HAMMING_12_8,1000,0.000000,91,8000,12000,4000,0,true,true,false,false,0,true,
HAMMING_12_8,1000,0.000000,92,8000,12000,4000,0,true,true,false,false,0,true,
HAMMING_12_8,1000,0.000000,93,8000,12000,4000,0,true,true,false,false,0,true,
HAMMING_12_8,1000,0.000000,94,8000,12000,4000,0,true,true,false,false,0,true,
HAMMING_12_8,1000,0.000000,95,8000,12000,4000,0,true,true,false,false,0,true,
HAMMING_12_8,1000,0.000000,96,8000,12000,4000,0,true,true,false,false,0,true,
HAMMING_12_8,1000,0.000000,97,8000,12000,4000,0,true,true,false,false,0,true,
HAMMING_12_8,1000,0.000000,98,8000,12000,4000,0,true,true,false,false,0,true,
HAMMING_12_8,1000,0.000000,99,8000,12000,4000,0,true,true,false,false,0,true,
HAMMING_12_8,1000,0.000000,100,8000,12000,4000,0,true,true,false,false,0,true,
HAMMING_12_8,1000,0.001000,1,8000,12000,4000,16,true,true,true,true,16,true,
HAMMING_12_8,1000,0.001000,2,8000,12000,4000,9,true,true,true,true,9,true,
HAMMING_12_8,1000,0.001000,3,8000,12000,4000,11,true,true,true,true,11,true,
HAMMING_12_8,1000,0.001000,4,8000,12000,4000,18,true,true,true,true,18,true,
HAMMING_12_8,1000,0.001000,5,8000,12000,4000,7,true,true,true,true,7,true,
HAMMING_12_8,1000,0.001000,6,8000,12000,4000,12,true,false,true,false,0,false,síndrome Hamming inválido (14) en bloque offset 363
HAMMING_12_8,1000,0.001000,7,8000,12000,4000,7,true,true,true,true,7,true,
HAMMING_12_8,1000,0.001000,8,8000,12000,4000,12,true,true,true,true,12,true,
HAMMING_12_8,1000,0.001000,9,8000,12000,4000,9,true,true,true,true,9,true,
HAMMING_12_8,1000,0.001000,10,8000,12000,4000,10,true,true,true,true,10,true,
HAMMING_12_8,1000,0.001000,11,8000,12000,4000,8,true,true,true,true,8,true,
HAMMING_12_8,1000,0.001000,12,8000,12000,4000,10,true,true,true,true,10,true,
HAMMING_12_8,1000,0.001000,13,8000,12000,4000,10,true,true,true,true,10,true,
HAMMING_12_8,1000,0.001000,14,8000,12000,4000,12,true,false,true,false,0,false,byte fuera de rango ASCII: 0xE1
HAMMING_12_8,1000,0.001000,15,8000,12000,4000,10,true,true,true,true,10,true,
HAMMING_12_8,1000,0.001000,16,8000,12000,4000,15,true,true,true,true,15,true,
HAMMING_12_8,1000,0.001000,17,8000,12000,4000,14,true,true,true,true,14,true,
HAMMING_12_8,1000,0.001000,18,8000,12000,4000,10,true,true,true,true,10,true,
HAMMING_12_8,1000,0.001000,19,8000,12000,4000,11,true,true,true,true,11,true,
HAMMING_12_8,1000,0.001000,20,8000,12000,4000,4,true,true,true,true,4,true,
HAMMING_12_8,1000,0.001000,21,8000,12000,4000,18,true,true,true,true,18,true,
HAMMING_12_8,1000,0.001000,22,8000,12000,4000,14,true,true,true,true,14,true,
HAMMING_12_8,1000,0.001000,23,8000,12000,4000,6,true,true,true,true,6,true,
HAMMING_12_8,1000,0.001000,24,8000,12000,4000,19,true,true,true,true,19,true,
HAMMING_12_8,1000,0.001000,25,8000,12000,4000,13,true,true,true,true,13,true,
HAMMING_12_8,1000,0.001000,26,8000,12000,4000,16,true,true,true,true,16,true,
HAMMING_12_8,1000,0.001000,27,8000,12000,4000,18,true,true,true,true,18,true,
HAMMING_12_8,1000,0.001000,28,8000,12000,4000,9,true,true,true,true,9,true,
HAMMING_12_8,1000,0.001000,29,8000,12000,4000,13,true,true,true,true,13,true,
HAMMING_12_8,1000,0.001000,30,8000,12000,4000,6,true,true,true,true,6,true,
HAMMING_12_8,1000,0.001000,31,8000,12000,4000,14,true,true,true,true,14,true,
HAMMING_12_8,1000,0.001000,32,8000,12000,4000,9,true,true,true,true,9,true,
HAMMING_12_8,1000,0.001000,33,8000,12000,4000,8,true,true,true,true,8,true,
HAMMING_12_8,1000,0.001000,34,8000,12000,4000,13,true,true,true,true,13,true,
HAMMING_12_8,1000,0.001000,35,8000,12000,4000,12,true,true,true,true,12,true,
HAMMING_12_8,1000,0.001000,36,8000,12000,4000,13,true,true,true,true,13,true,
HAMMING_12_8,1000,0.001000,37,8000,12000,4000,5,true,true,true,true,5,true,
HAMMING_12_8,1000,0.001000,38,8000,12000,4000,13,true,true,true,true,13,true,
HAMMING_12_8,1000,0.001000,39,8000,12000,4000,13,true,true,true,true,13,true,
HAMMING_12_8,1000,0.001000,40,8000,12000,4000,14,true,true,true,true,14,true,
HAMMING_12_8,1000,0.001000,41,8000,12000,4000,21,true,true,true,true,21,true,
HAMMING_12_8,1000,0.001000,42,8000,12000,4000,23,true,true,true,true,23,true,
HAMMING_12_8,1000,0.001000,43,8000,12000,4000,11,true,true,true,true,11,true,
HAMMING_12_8,1000,0.001000,44,8000,12000,4000,15,true,true,true,true,15,true,
HAMMING_12_8,1000,0.001000,45,8000,12000,4000,15,true,true,true,true,15,true,
HAMMING_12_8,1000,0.001000,46,8000,12000,4000,17,true,true,true,true,17,true,
HAMMING_12_8,1000,0.001000,47,8000,12000,4000,19,true,true,true,true,19,true,
HAMMING_12_8,1000,0.001000,48,8000,12000,4000,7,true,true,true,true,7,true,
HAMMING_12_8,1000,0.001000,49,8000,12000,4000,12,true,true,true,true,12,true,
HAMMING_12_8,1000,0.001000,50,8000,12000,4000,6,true,true,true,true,6,true,
HAMMING_12_8,1000,0.001000,51,8000,12000,4000,11,true,true,true,true,11,true,
HAMMING_12_8,1000,0.001000,52,8000,12000,4000,9,true,true,true,true,9,true,
HAMMING_12_8,1000,0.001000,53,8000,12000,4000,5,true,true,true,true,5,true,
HAMMING_12_8,1000,0.001000,54,8000,12000,4000,6,true,true,true,true,6,true,
HAMMING_12_8,1000,0.001000,55,8000,12000,4000,7,true,true,true,true,7,true,
HAMMING_12_8,1000,0.001000,56,8000,12000,4000,11,true,true,true,true,11,true,
HAMMING_12_8,1000,0.001000,57,8000,12000,4000,15,true,true,true,true,15,true,
HAMMING_12_8,1000,0.001000,58,8000,12000,4000,13,true,true,true,true,13,true,
HAMMING_12_8,1000,0.001000,59,8000,12000,4000,14,true,true,true,true,14,true,
HAMMING_12_8,1000,0.001000,60,8000,12000,4000,18,true,true,true,true,18,true,
HAMMING_12_8,1000,0.001000,61,8000,12000,4000,13,true,true,true,true,13,true,
HAMMING_12_8,1000,0.001000,62,8000,12000,4000,7,true,true,true,true,7,true,
HAMMING_12_8,1000,0.001000,63,8000,12000,4000,23,true,true,true,true,23,true,
HAMMING_12_8,1000,0.001000,64,8000,12000,4000,13,true,true,true,true,13,true,
HAMMING_12_8,1000,0.001000,65,8000,12000,4000,11,true,true,true,true,11,true,
HAMMING_12_8,1000,0.001000,66,8000,12000,4000,15,true,true,true,true,15,true,
HAMMING_12_8,1000,0.001000,67,8000,12000,4000,13,true,true,true,true,13,true,
HAMMING_12_8,1000,0.001000,68,8000,12000,4000,16,true,true,true,true,16,true,
HAMMING_12_8,1000,0.001000,69,8000,12000,4000,12,true,true,true,true,12,true,
HAMMING_12_8,1000,0.001000,70,8000,12000,4000,3,true,true,true,true,3,true,
HAMMING_12_8,1000,0.001000,71,8000,12000,4000,7,true,true,true,true,7,true,
HAMMING_12_8,1000,0.001000,72,8000,12000,4000,14,true,true,true,true,14,true,
HAMMING_12_8,1000,0.001000,73,8000,12000,4000,11,true,true,true,true,11,true,
HAMMING_12_8,1000,0.001000,74,8000,12000,4000,7,true,false,true,false,0,false,síndrome Hamming inválido (13) en bloque offset 79
HAMMING_12_8,1000,0.001000,75,8000,12000,4000,9,true,true,true,true,9,true,
HAMMING_12_8,1000,0.001000,76,8000,12000,4000,23,true,true,true,true,23,true,
HAMMING_12_8,1000,0.001000,77,8000,12000,4000,14,true,true,true,true,14,true,
HAMMING_12_8,1000,0.001000,78,8000,12000,4000,12,true,true,true,true,12,true,
HAMMING_12_8,1000,0.001000,79,8000,12000,4000,11,true,true,true,true,11,true,
HAMMING_12_8,1000,0.001000,80,8000,12000,4000,10,true,true,true,true,10,true,
HAMMING_12_8,1000,0.001000,81,8000,12000,4000,16,true,false,true,false,0,false,síndrome Hamming inválido (14) en bloque offset 181
HAMMING_12_8,1000,0.001000,82,8000,12000,4000,11,true,true,true,true,11,true,
HAMMING_12_8,1000,0.001000,83,8000,12000,4000,14,true,true,true,true,14,true,
HAMMING_12_8,1000,0.001000,84,8000,12000,4000,6,true,true,true,true,6,true,
HAMMING_12_8,1000,0.001000,85,8000,12000,4000,17,true,true,true,true,17,true,
HAMMING_12_8,1000,0.001000,86,8000,12000,4000,10,true,true,true,true,10,true,
HAMMING_12_8,1000,0.001000,87,8000,12000,4000,8,true,true,true,true,8,true,
HAMMING_12_8,1000,0.001000,88,8000,12000,4000,11,true,true,true,true,11,true,
HAMMING_12_8,1000,0.001000,89,8000,12000,4000,10,true,true,true,true,10,true,
HAMMING_12_8,1000,0.001000,90,8000,12000,4000,20,true,true,true,true,20,true,
HAMMING_12_8,1000,0.001000,91,8000,12000,4000,12,true,true,true,true,12,true,
HAMMING_12_8,1000,0.001000,92,8000,12000,4000,9,true,true,true,true,9,true,
HAMMING_12_8,1000,0.001000,93,8000,12000,4000,15,true,true,true,true,15,true,
HAMMING_12_8,1000,0.001000,94,8000,12000,4000,6,true,true,true,true,6,true,
HAMMING_12_8,1000,0.001000,95,8000,12000,4000,14,true,true,true,true,14,true,
HAMMING_12_8,1000,0.001000,96,8000,12000,4000,14,true,true,true,true,14,true,
HAMMING_12_8,1000,0.001000,97,8000,12000,4000,9,true,true,true,true,9,true,
HAMMING_12_8,1000,0.001000,98,8000,12000,4000,11,true,true,true,true,11,true,
HAMMING_12_8,1000,0.001000,99,8000,12000,4000,10,true,true,true,true,10,true,
HAMMING_12_8,1000,0.001000,100,8000,12000,4000,15,true,true,true,true,15,true,
HAMMING_12_8,1000,0.010000,1,8000,12000,4000,119,true,false,true,false,0,false,síndrome Hamming inválido (15) en bloque offset 680
HAMMING_12_8,1000,0.010000,2,8000,12000,4000,118,true,false,true,false,0,false,síndrome Hamming inválido (15) en bloque offset 154
HAMMING_12_8,1000,0.010000,3,8000,12000,4000,115,true,false,true,false,0,false,síndrome Hamming inválido (14) en bloque offset 389
HAMMING_12_8,1000,0.010000,4,8000,12000,4000,118,true,false,true,false,0,false,síndrome Hamming inválido (14) en bloque offset 131
HAMMING_12_8,1000,0.010000,5,8000,12000,4000,117,true,false,true,false,0,false,síndrome Hamming inválido (14) en bloque offset 324
HAMMING_12_8,1000,0.010000,6,8000,12000,4000,115,true,true,true,true,109,false,
HAMMING_12_8,1000,0.010000,7,8000,12000,4000,128,true,false,true,false,0,false,síndrome Hamming inválido (14) en bloque offset 619
HAMMING_12_8,1000,0.010000,8,8000,12000,4000,123,true,false,true,false,0,false,byte fuera de rango ASCII: 0xE7
HAMMING_12_8,1000,0.010000,9,8000,12000,4000,137,true,false,true,false,0,false,síndrome Hamming inválido (13) en bloque offset 899
HAMMING_12_8,1000,0.010000,10,8000,12000,4000,99,true,true,true,true,97,false,
HAMMING_12_8,1000,0.010000,11,8000,12000,4000,133,true,false,true,false,0,false,byte fuera de rango ASCII: 0xD4
HAMMING_12_8,1000,0.010000,12,8000,12000,4000,127,true,false,true,false,0,false,síndrome Hamming inválido (14) en bloque offset 68
HAMMING_12_8,1000,0.010000,13,8000,12000,4000,101,true,false,true,false,0,false,byte fuera de rango ASCII: 0xF9
HAMMING_12_8,1000,0.010000,14,8000,12000,4000,118,true,false,true,false,0,false,byte fuera de rango ASCII: 0xFE
HAMMING_12_8,1000,0.010000,15,8000,12000,4000,135,true,false,true,false,0,false,síndrome Hamming inválido (13) en bloque offset 244
HAMMING_12_8,1000,0.010000,16,8000,12000,4000,103,true,false,true,false,0,false,síndrome Hamming inválido (13) en bloque offset 752
HAMMING_12_8,1000,0.010000,17,8000,12000,4000,124,true,false,true,false,0,false,síndrome Hamming inválido (13) en bloque offset 319
HAMMING_12_8,1000,0.010000,18,8000,12000,4000,120,true,false,true,false,0,false,síndrome Hamming inválido (15) en bloque offset 765
HAMMING_12_8,1000,0.010000,19,8000,12000,4000,122,true,false,true,false,0,false,byte fuera de rango ASCII: 0xF9
HAMMING_12_8,1000,0.010000,20,8000,12000,4000,121,true,false,true,false,0,false,síndrome Hamming inválido (13) en bloque offset 400
HAMMING_12_8,1000,0.010000,21,8000,12000,4000,128,true,false,true,false,0,false,síndrome Hamming inválido (13) en bloque offset 704
HAMMING_12_8,1000,0.010000,22,8000,12000,4000,119,true,true,true,true,114,false,
HAMMING_12_8,1000,0.010000,23,8000,12000,4000,132,true,false,true,false,0,false,byte fuera de rango ASCII: 0xC5
HAMMING_12_8,1000,0.010000,24,8000,12000,4000,109,true,false,true,false,0,false,byte fuera de rango ASCII: 0xD7
HAMMING_12_8,1000,0.010000,25,8000,12000,4000,112,true,false,true,false,0,false,síndrome Hamming inválido (13) en bloque offset 535
HAMMING_12_8,1000,0.010000,26,8000,12000,4000,152,true,false,true,false,0,false,síndrome Hamming inválido (13) en bloque offset 406
HAMMING_12_8,1000,0.010000,27,8000,12000,4000,113,true,false,true,false,0,false,síndrome Hamming inválido (13) en bloque offset 461
HAMMING_12_8,1000,0.010000,28,8000,12000,4000,126,true,false,true,false,0,false,byte fuera de rango ASCII: 0xB8
HAMMING_12_8,1000,0.010000,29,8000,12000,4000,117,true,false,true,false,0,false,síndrome Hamming inválido (14) en bloque offset 779
HAMMING_12_8,1000,0.010000,30,8000,12000,4000,122,true,false,true,false,0,false,síndrome Hamming inválido (15) en bloque offset 203
HAMMING_12_8,1000,0.010000,31,8000,12000,4000,137,true,false,true,false,0,false,síndrome Hamming inválido (14) en bloque offset 289
HAMMING_12_8,1000,0.010000,32,8000,12000,4000,143,true,false,true,false,0,false,byte fuera de rango ASCII: 0xB8
HAMMING_12_8,1000,0.010000,33,8000,12000,4000,111,true,false,true,false,0,false,síndrome Hamming inválido (13) en bloque offset 971
HAMMING_12_8,1000,0.010000,34,8000,12000,4000,125,true,false,true,false,0,false,síndrome Hamming inválido (15) en bloque offset 493
HAMMING_12_8,1000,0.010000,35,8000,12000,4000,120,true,false,true,false,0,false,síndrome Hamming inválido (14) en bloque offset 190
HAMMING_12_8,1000,0.010000,36,8000,12000,4000,129,true,false,true,false,0,false,síndrome Hamming inválido (13) en bloque offset 74
HAMMING_12_8,1000,0.010000,37,8000,12000,4000,131,true,false,true,false,0,false,síndrome Hamming inválido (13) en bloque offset 535
HAMMING_12_8,1000,0.010000,38,8000,12000,4000,138,true,false,true,false,0,false,síndrome Hamming inválido (15) en bloque offset 1
HAMMING_12_8,1000,0.010000,39,8000,12000,4000,121,true,false,true,false,0,false,síndrome Hamming inválido (15) en bloque offset 596
HAMMING_12_8,1000,0.010000,40,8000,12000,4000,131,true,false,true,false,0,false,síndrome Hamming inválido (13) en bloque offset 333
HAMMING_12_8,1000,0.010000,41,8000,12000,4000,117,true,false,true,false,0,false,síndrome Hamming inválido (14) en bloque offset 655
HAMMING_12_8,1000,0.010000,42,8000,12000,4000,116,true,false,true,false,0,false,síndrome Hamming inválido (14) en bloque offset 736
HAMMING_12_8,1000,0.010000,43,8000,12000,4000,114,true,false,true,false,0,false,byte fuera de rango ASCII: 0xA3
HAMMING_12_8,1000,0.010000,44,8000,12000,4000,106,true,false,true,false,0,false,síndrome Hamming inválido (13) en bloque offset 408
HAMMING_12_8,1000,0.010000,45,8000,12000,4000,112,true,false,true,false,0,false,síndrome Hamming inválido (13) en bloque offset 202
HAMMING_12_8,1000,0.010000,46,8000,12000,4000,126,true,false,true,false,0,false,síndrome Hamming inválido (14) en bloque offset 24
HAMMING_12_8,1000,0.010000,47,8000,12000,4000,130,true,false,true,false,0,false,síndrome Hamming inválido (14) en bloque offset 8
HAMMING_12_8,1000,0.010000,48,8000,12000,4000,115,true,false,true,false,0,false,síndrome Hamming inválido (15) en bloque offset 790
HAMMING_12_8,1000,0.010000,49,8000,12000,4000,117,true,true,true,true,116,false,
HAMMING_12_8,1000,0.010000,50,8000,12000,4000,104,true,false,true,false,0,false,síndrome Hamming inválido (15) en bloque offset 159
HAMMING_12_8,1000,0.010000,51,8000,12000,4000,115,true,false,true,false,0,false,síndrome Hamming inválido (15) en bloque offset 62
HAMMING_12_8,1000,0.010000,52,8000,12000,4000,99,true,false,true,false,0,false,síndrome Hamming inválido (15) en bloque offset 273
HAMMING_12_8,1000,0.010000,53,8000,12000,4000,110,true,false,true,false,0,false,síndrome Hamming inválido (14) en bloque offset 205
HAMMING_12_8,1000,0.010000,54,8000,12000,4000,147,true,false,true,false,0,false,síndrome Hamming inválido (15) en bloque offset 313
HAMMING_12_8,1000,0.010000,55,8000,12000,4000,116,true,false,true,false,0,false,byte fuera de rango ASCII: 0xB5
HAMMING_12_8,1000,0.010000,56,8000,12000,4000,101,true,false,true,false,0,false,síndrome Hamming inválido (14) en bloque offset 207
HAMMING_12_8,1000,0.010000,57,8000,12000,4000,114,true,false,true,false,0,false,síndrome Hamming inválido (14) en bloque offset 218
HAMMING_12_8,1000,0.010000,58,8000,12000,4000,130,true,false,true,false,0,false,síndrome Hamming inválido (14) en bloque offset 113
HAMMING_12_8,1000,0.010000,59,8000,12000,4000,135,true,false,true,false,0,false,síndrome Hamming inválido (15) en bloque offset 520
HAMMING_12_8,1000,0.010000,60,8000,12000,4000,114,true,false,true,false,0,false,byte fuera de rango ASCII: 0xCF
HAMMING_12_8,1000,0.010000,61,8000,12000,4000,102,true,false,true,false,0,false,síndrome Hamming inválido (14) en bloque offset 54
HAMMING_12_8,1000,0.010000,62,8000,12000,4000,121,true,false,true,false,0,false,síndrome Hamming inválido (14) en bloque offset 222
HAMMING_12_8,1000,0.010000,63,8000,12000,4000,112,true,false,true,false,0,false,byte fuera de rango ASCII: 0xDD
HAMMING_12_8,1000,0.010000,64,8000,12000,4000,125,true,false,true,false,0,false,síndrome Hamming inválido (13) en bloque offset 664
HAMMING_12_8,1000,0.010000,65,8000,12000,4000,140,true,false,true,false,0,false,síndrome Hamming inválido (13) en bloque offset 127
HAMMING_12_8,1000,0.010000,66,8000,12000,4000,127,true,false,true,false,0,false,síndrome Hamming inválido (15) en bloque offset 242
HAMMING_12_8,1000,0.010000,67,8000,12000,4000,135,true,false,true,false,0,false,síndrome Hamming inválido (14) en bloque offset 295
HAMMING_12_8,1000,0.010000,68,8000,12000,4000,142,true,false,true,false,0,false,síndrome Hamming inválido (15) en bloque offset 730
HAMMING_12_8,1000,0.010000,69,8000,12000,4000,122,true,false,true,false,0,false,síndrome Hamming inválido (13) en bloque offset 387
HAMMING_12_8,1000,0.010000,70,8000,12000,4000,130,true,false,true,false,0,false,síndrome Hamming inválido (14) en bloque offset 75
HAMMING_12_8,1000,0.010000,71,8000,12000,4000,129,true,false,true,false,0,false,síndrome Hamming inválido (14) en bloque offset 936
HAMMING_12_8,1000,0.010000,72,8000,12000,4000,118,true,false,true,false,0,false,síndrome Hamming inválido (15) en bloque offset 319
HAMMING_12_8,1000,0.010000,73,8000,12000,4000,105,true,false,true,false,0,false,byte fuera de rango ASCII: 0xB7
HAMMING_12_8,1000,0.010000,74,8000,12000,4000,119,true,false,true,false,0,false,síndrome Hamming inválido (15) en bloque offset 194
HAMMING_12_8,1000,0.010000,75,8000,12000,4000,124,true,true,true,true,120,false,
HAMMING_12_8,1000,0.010000,76,8000,12000,4000,132,true,false,true,false,0,false,síndrome Hamming inválido (14) en bloque offset 353
HAMMING_12_8,1000,0.010000,77,8000,12000,4000,120,true,false,true,false,0,false,síndrome Hamming inválido (13) en bloque offset 188
HAMMING_12_8,1000,0.010000,78,8000,12000,4000,131,true,false,true,false,0,false,byte fuera de rango ASCII: 0xCE
HAMMING_12_8,1000,0.010000,79,8000,12000,4000,102,true,false,true,false,0,false,síndrome Hamming inválido (14) en bloque offset 29
HAMMING_12_8,1000,0.010000,80,8000,12000,4000,115,true,false,true,false,0,false,síndrome Hamming inválido (13) en bloque offset 743
HAMMING_12_8,1000,0.010000,81,8000,12000,4000,119,true,false,true,false,0,false,síndrome Hamming inválido (15) en bloque offset 147
HAMMING_12_8,1000,0.010000,82,8000,12000,4000,143,true,false,true,false,0,false,síndrome Hamming inválido (15) en bloque offset 51
HAMMING_12_8,1000,0.010000,83,8000,12000,4000,134,true,false,true,false,0,false,síndrome Hamming inválido (15) en bloque offset 31
HAMMING_12_8,1000,0.010000,84,8000,12000,4000,116,true,false,true,false,0,false,síndrome Hamming inválido (15) en bloque offset 830
HAMMING_12_8,1000,0.010000,85,8000,12000,4000,100,true,false,true,false,0,false,síndrome Hamming inválido (13) en bloque offset 53
HAMMING_12_8,1000,0.010000,86,8000,12000,4000,132,true,false,true,false,0,false,síndrome Hamming inválido (15) en bloque offset 652
HAMMING_12_8,1000,0.010000,87,8000,12000,4000,120,true,false,true,false,0,false,byte fuera de rango ASCII: 0xF4
HAMMING_12_8,1000,0.010000,88,8000,12000,4000,117,true,false,true,false,0,false,síndrome Hamming inválido (15) en bloque offset 965
HAMMING_12_8,1000,0.010000,89,8000,12000,4000,138,true,false,true,false,0,false,síndrome Hamming inválido (15) en bloque offset 336
HAMMING_12_8,1000,0.010000,90,8000,12000,4000,123,true,false,true,false,0,false,síndrome Hamming inválido (14) en bloque offset 469
HAMMING_12_8,1000,0.010000,91,8000,12000,4000,148,true,false,true,false,0,false,síndrome Hamming inválido (14) en bloque offset 346
HAMMING_12_8,1000,0.010000,92,8000,12000,4000,128,true,false,true,false,0,false,síndrome Hamming inválido (14) en bloque offset 279
HAMMING_12_8,1000,0.010000,93,8000,12000,4000,114,true,false,true,false,0,false,síndrome Hamming inválido (15) en bloque offset 612
HAMMING_12_8,1000,0.010000,94,8000,12000,4000,116,true,false,true,false,0,false,síndrome Hamming inválido (13) en bloque offset 544
HAMMING_12_8,1000,0.010000,95,8000,12000,4000,114,true,false,true,false,0,false,síndrome Hamming inválido (13) en bloque offset 693
HAMMING_12_8,1000,0.010000,96,8000,12000,4000,113,true,false,true,false,0,false,síndrome Hamming inválido (13) en bloque offset 221
HAMMING_12_8,1000,0.010000,97,8000,12000,4000,122,true,false,true,false,0,false,síndrome Hamming inválido (14) en bloque offset 826
HAMMING_12_8,1000,0.010000,98,8000,12000,4000,114,true,false,true,false,0,false,síndrome Hamming inválido (13) en bloque offset 171
HAMMING_12_8,1000,0.010000,99,8000,12000,4000,136,true,false,true,false,0,false,síndrome Hamming inválido (13) en bloque offset 72
HAMMING_12_8,1000,0.010000,100,8000,12000,4000,122,true,false,true,false,0,false,síndrome Hamming inválido (13) en bloque offset 908
HAMMING_12_8,1000,0.050000,1,8000,12000,4000,573,true,false,true,false,0,false,síndrome Hamming inválido (13) en bloque offset 29
HAMMING_12_8,1000,0.050000,2,8000,12000,4000,612,true,false,true,false,0,false,síndrome Hamming inválido (13) en bloque offset 15
HAMMING_12_8,1000,0.050000,3,8000,12000,4000,596,true,false,true,false,0,false,síndrome Hamming inválido (15) en bloque offset 90
HAMMING_12_8,1000,0.050000,4,8000,12000,4000,586,true,false,true,false,0,false,síndrome Hamming inválido (15) en bloque offset 85
HAMMING_12_8,1000,0.050000,5,8000,12000,4000,590,true,false,true,false,0,false,síndrome Hamming inválido (13) en bloque offset 161
HAMMING_12_8,1000,0.050000,6,8000,12000,4000,595,true,false,true,false,0,false,síndrome Hamming inválido (13) en bloque offset 6
HAMMING_12_8,1000,0.050000,7,8000,12000,4000,607,true,false,true,false,0,false,síndrome Hamming inválido (15) en bloque offset 74
HAMMING_12_8,1000,0.050000,8,8000,12000,4000,606,true,false,true,false,0,false,síndrome Hamming inválido (14) en bloque offset 87
HAMMING_12_8,1000,0.050000,9,8000,12000,4000,601,true,false,true,false,0,false,síndrome Hamming inválido (13) en bloque offset 74
HAMMING_12_8,1000,0.050000,10,8000,12000,4000,605,true,false,true,false,0,false,síndrome Hamming inválido (13) en bloque offset 7
HAMMING_12_8,1000,0.050000,11,8000,12000,4000,613,true,false,true,false,0,false,síndrome Hamming inválido (15) en bloque offset 151
HAMMING_12_8,1000,0.050000,12,8000,12000,4000,578,true,false,true,false,0,false,síndrome Hamming inválido (14) en bloque offset 2
HAMMING_12_8,1000,0.050000,13,8000,12000,4000,562,true,false,true,false,0,false,síndrome Hamming inválido (14) en bloque offset 65
HAMMING_12_8,1000,0.050000,14,8000,12000,4000,597,true,false,true,false,0,false,síndrome Hamming inválido (15) en bloque offset 27
HAMMING_12_8,1000,0.050000,15,8000,12000,4000,599,true,false,true,false,0,false,síndrome Hamming inválido (15) en bloque offset 78
HAMMING_12_8,1000,0.050000,16,8000,12000,4000,627,true,false,true,false,0,false,síndrome Hamming inválido (15) en bloque offset 77
HAMMING_12_8,1000,0.050000,17,8000,12000,4000,567,true,false,true,false,0,false,síndrome Hamming inválido (13) en bloque offset 6
HAMMING_12_8,1000,0.050000,18,8000,12000,4000,567,true,false,true,false,0,false,síndrome Hamming inválido (14) en bloque offset 75
HAMMING_12_8,1000,0.050000,19,8000,12000,4000,598,true,false,true,false,0,false,síndrome Hamming inválido (13) en bloque offset 5
HAMMING_12_8,1000,0.050000,20,8000,12000,4000,570,true,false,true,false,0,false,síndrome Hamming inválido (14) en bloque offset 15
HAMMING_12_8,1000,0.050000,21,8000,12000,4000,617,true,false,true,false,0,false,síndrome Hamming inválido (14) en bloque offset 48
HAMMING_12_8,1000,0.050000,22,8000,12000,4000,618,true,false,true,false,0,false,síndrome Hamming inválido (15) en bloque offset 4
HAMMING_12_8,1000,0.050000,23,8000,12000,4000,580,true,false,true,false,0,false,síndrome Hamming inválido (15) en bloque offset 10
HAMMING_12_8,1000,0.050000,24,8000,12000,4000,579,true,false,true,false,0,false,síndrome Hamming inválido (15) en bloque offset 19
HAMMING_12_8,1000,0.050000,25,8000,12000,4000,631,true,false,true,false,0,false,síndrome Hamming inválido (13) en bloque offset 34
HAMMING_12_8,1000,0.050000,26,8000,12000,4000,621,true,false,true,false,0,false,síndrome Hamming inválido (13) en bloque offset 23
HAMMING_12_8,1000,0.050000,27,8000,12000,4000,615,true,false,true,false,0,false,síndrome Hamming inválido (13) en bloque offset 19
HAMMING_12_8,1000,0.050000,28,8000,12000,4000,631,true,false,true,false,0,false,síndrome Hamming inválido (14) en bloque offset 25
HAMMING_12_8,1000,0.050000,29,8000,12000,4000,638,true,false,true,false,0,false,síndrome Hamming inválido (15) en bloque offset 28
HAMMING_12_8,1000,0.050000,30,8000,12000,4000,622,true,false,true,false,0,false,síndrome Hamming inválido (14) en bloque offset 57
HAMMING_12_8,1000,0.050000,31,8000,12000,4000,631,true,false,true,false,0,false,síndrome Hamming inválido (13) en bloque offset 7
HAMMING_12_8,1000,0.050000,32,8000,12000,4000,608,true,false,true,false,0,false,síndrome Hamming inválido (15) en bloque offset 5
HAMMING_12_8,1000,0.050000,33,8000,12000,4000,624,true,false,true,false,0,false,síndrome Hamming inválido (15) en bloque offset 113
HAMMING_12_8,1000,0.050000,34,8000,12000,4000,595,true,false,true,false,0,false,síndrome Hamming inválido (14) en bloque offset 53
HAMMING_12_8,1000,0.050000,35,8000,12000,4000,608,true,false,true,false,0,false,síndrome Hamming inválido (15) en bloque offset 0
HAMMING_12_8,1000,0.050000,36,8000,12000,4000,651,true,false,true,false,0,false,síndrome Hamming inválido (13) en bloque offset 3
HAMMING_12_8,1000,0.050000,37,8000,12000,4000,631,true,false,true,false,0,false,síndrome Hamming inválido (14) en bloque offset 51
HAMMING_12_8,1000,0.050000,38,8000,12000,4000,576,true,false,true,false,0,false,síndrome Hamming inválido (15) en bloque offset 20
HAMMING_12_8,1000,0.050000,39,8000,12000,4000,582,true,false,true,false,0,false,síndrome Hamming inválido (15) en bloque offset 14
HAMMING_12_8,1000,0.050000,40,8000,12000,4000,614,true,false,true,false,0,false,síndrome Hamming inválido (14) en bloque offset 45
HAMMING_12_8,1000,0.050000,41,8000,12000,4000,545,true,false,true,false,0,false,síndrome Hamming inválido (15) en bloque offset 5
HAMMING_12_8,1000,0.050000,42,8000,12000,4000,559,true,false,true,false,0,false,síndrome Hamming inválido (13) en bloque offset 44
HAMMING_12_8,1000,0.050000,43,8000,12000,4000,637,true,false,true,false,0,false,síndrome Hamming inválido (13) en bloque offset 17
HAMMING_12_8,1000,0.050000,44,8000,12000,4000,579,true,false,true,false,0,false,síndrome Hamming inválido (15) en bloque offset 8
HAMMING_12_8,1000,0.050000,45,8000,12000,4000,642,true,false,true,false,0,false,síndrome Hamming inválido (14) en bloque offset 17
HAMMING_12_8,1000,0.050000,46,8000,12000,4000,617,true,false,true,false,0,false,síndrome Hamming inválido (15) en bloque offset 3
HAMMING_12_8,1000,0.050000,47,8000,12000,4000,614,true,false,true,false,0,false,síndrome Hamming inválido (14) en bloque offset 25
HAMMING_12_8,1000,0.050000,48,8000,12000,4000,600,true,false,true,false,0,false,síndrome Hamming inválido (14) en bloque offset 22
HAMMING_12_8,1000,0.050000,49,8000,12000,4000,589,true,false,true,false,0,false,síndrome Hamming inválido (13) en bloque offset 54
HAMMING_12_8,1000,0.050000,50,8000,12000,4000,608,true,false,true,false,0,false,síndrome Hamming inválido (15) en bloque offset 13
HAMMING_12_8,1000,0.050000,51,8000,12000,4000,573,true,false,true,false,0,false,síndrome Hamming inválido (15) en bloque offset 48
HAMMING_12_8,1000,0.050000,52,8000,12000,4000,584,true,false,true,false,0,false,síndrome Hamming inválido (13) en bloque offset 11
HAMMING_12_8,1000,0.050000,53,8000,12000,4000,617,true,false,true,false,0,false,síndrome Hamming inválido (13) en bloque offset 24
HAMMING_12_8,1000,0.050000,54,8000,12000,4000,567,true,false,true,false,0,false,síndrome Hamming inválido (14) en bloque offset 12
HAMMING_12_8,1000,0.050000,55,8000,12000,4000,629,true,false,true,false,0,false,síndrome Hamming inválido (14) en bloque offset 84
HAMMING_12_8,1000,0.050000,56,8000,12000,4000,606,true,false,true,false,0,false,síndrome Hamming inválido (14) en bloque offset 51
HAMMING_12_8,1000,0.050000,57,8000,12000,4000,622,true,false,true,false,0,false,síndrome Hamming inválido (15) en bloque offset 3
HAMMING_12_8,1000,0.050000,58,8000,12000,4000,614,true,false,true,false,0,false,síndrome Hamming inválido (13) en bloque offset 65
HAMMING_12_8,1000,0.050000,59,8000,12000,4000,591,true,false,true,false,0,false,síndrome Hamming inválido (15) en bloque offset 47
HAMMING_12_8,1000,0.050000,60,8000,12000,4000,592,true,false,true,false,0,false,síndrome Hamming inválido (13) en bloque offset 17
HAMMING_12_8,1000,0.050000,61,8000,12000,4000,599,true,false,true,false,0,false,síndrome Hamming inválido (13) en bloque offset 21
HAMMING_12_8,1000,0.050000,62,8000,12000,4000,597,true,false,true,false,0,false,síndrome Hamming inválido (15) en bloque offset 17
HAMMING_12_8,1000,0.050000,63,8000,12000,4000,604,true,false,true,false,0,false,síndrome Hamming inválido (15) en bloque offset 37
HAMMING_12_8,1000,0.050000,64,8000,12000,4000,593,true,false,true,false,0,false,síndrome Hamming inválido (15) en bloque offset 115
HAMMING_12_8,1000,0.050000,65,8000,12000,4000,564,true,false,true,false,0,false,síndrome Hamming inválido (14) en bloque offset 37
HAMMING_12_8,1000,0.050000,66,8000,12000,4000,616,true,false,true,false,0,false,síndrome Hamming inválido (15) en bloque offset 11
HAMMING_12_8,1000,0.050000,67,8000,12000,4000,609,true,false,true,false,0,false,síndrome Hamming inválido (15) en bloque offset 17
HAMMING_12_8,1000,0.050000,68,8000,12000,4000,600,true,false,true,false,0,false,síndrome Hamming inválido (15) en bloque offset 45
HAMMING_12_8,1000,0.050000,69,8000,12000,4000,572,true,false,true,false,0,false,síndrome Hamming inválido (15) en bloque offset 54
HAMMING_12_8,1000,0.050000,70,8000,12000,4000,578,true,false,true,false,0,false,síndrome Hamming inválido (15) en bloque offset 45
HAMMING_12_8,1000,0.050000,71,8000,12000,4000,620,true,false,true,false,0,false,síndrome Hamming inválido (15) en bloque offset 57
HAMMING_12_8,1000,0.050000,72,8000,12000,4000,611,true,false,true,false,0,false,síndrome Hamming inválido (15) en bloque offset 13
HAMMING_12_8,1000,0.050000,73,8000,12000,4000,614,true,false,true,false,0,false,síndrome Hamming inválido (14) en bloque offset 2
HAMMING_12_8,1000,0.050000,74,8000,12000,4000,560,true,false,true,false,0,false,síndrome Hamming inválido (13) en bloque offset 141
HAMMING_12_8,1000,0.050000,75,8000,12000,4000,608,true,false,true,false,0,false,síndrome Hamming inválido (14) en bloque offset 7
HAMMING_12_8,1000,0.050000,76,8000,12000,4000,630,true,false,true,false,0,false,síndrome Hamming inválido (13) en bloque offset 22
HAMMING_12_8,1000,0.050000,77,8000,12000,4000,607,true,false,true,false,0,false,síndrome Hamming inválido (13) en bloque offset 48
HAMMING_12_8,1000,0.050000,78,8000,12000,4000,654,true,false,true,false,0,false,síndrome Hamming inválido (14) en bloque offset 8
HAMMING_12_8,1000,0.050000,79,8000,12000,4000,591,true,false,true,false,0,false,síndrome Hamming inválido (13) en bloque offset 6
HAMMING_12_8,1000,0.050000,80,8000,12000,4000,601,true,false,true,false,0,false,síndrome Hamming inválido (13) en bloque offset 91
HAMMING_12_8,1000,0.050000,81,8000,12000,4000,599,true,false,true,false,0,false,síndrome Hamming inválido (14) en bloque offset 48
HAMMING_12_8,1000,0.050000,82,8000,12000,4000,638,true,false,true,false,0,false,síndrome Hamming inválido (15) en bloque offset 24
HAMMING_12_8,1000,0.050000,83,8000,12000,4000,635,true,false,true,false,0,false,síndrome Hamming inválido (13) en bloque offset 5
HAMMING_12_8,1000,0.050000,84,8000,12000,4000,601,true,false,true,false,0,false,síndrome Hamming inválido (14) en bloque offset 65
HAMMING_12_8,1000,0.050000,85,8000,12000,4000,624,true,false,true,false,0,false,síndrome Hamming inválido (14) en bloque offset 3
HAMMING_12_8,1000,0.050000,86,8000,12000,4000,568,true,false,true,false,0,false,síndrome Hamming inválido (15) en bloque offset 15
HAMMING_12_8,1000,0.050000,87,8000,12000,4000,624,true,false,true,false,0,false,síndrome Hamming inválido (14) en bloque offset 9
HAMMING_12_8,1000,0.050000,88,8000,12000,4000,550,true,false,true,false,0,false,síndrome Hamming inválido (15) en bloque offset 28
HAMMING_12_8,1000,0.050000,89,8000,12000,4000,616,true,false,true,false,0,false,síndrome Hamming inválido (15) en bloque offset 7
HAMMING_12_8,1000,0.050000,90,8000,12000,4000,582,true,false,true,false,0,false,síndrome Hamming inválido (15) en bloque offset 31
HAMMING_12_8,1000,0.050000,91,8000,12000,4000,617,true,false,true,false,0,false,síndrome Hamming inválido (14) en bloque offset 69
HAMMING_12_8,1000,0.050000,92,8000,12000,4000,626,true,false,true,false,0,false,síndrome Hamming inválido (15) en bloque offset 1
HAMMING_12_8,1000,0.050000,93,8000,12000,4000,616,true,false,true,false,0,false,síndrome Hamming inválido (15) en bloque offset 89
HAMMING_12_8,1000,0.050000,94,8000,12000,4000,612,true,false,true,false,0,false,síndrome Hamming inválido (14) en bloque offset 2
HAMMING_12_8,1000,0.050000,95,8000,12000,4000,637,true,false,true,false,0,false,síndrome Hamming inválido (13) en bloque offset 50
HAMMING_12_8,1000,0.050000,96,8000,12000,4000,606,true,false,true,false,0,false,síndrome Hamming inválido (14) en bloque offset 13
HAMMING_12_8,1000,0.050000,97,8000,12000,4000,628,true,false,true,false,0,false,síndrome Hamming inválido (14) en bloque offset 2
HAMMING_12_8,1000,0.050000,98,8000,12000,4000,576,true,false,true,false,0,false,síndrome Hamming inválido (15) en bloque offset 12
HAMMING_12_8,1000,0.050000,99,8000,12000,4000,646,true,false,true,false,0,false,síndrome Hamming inválido (13) en bloque offset 5
HAMMING_12_8,1000,0.050000,100,8000,12000,4000,605,true,false,true,false,0,false,síndrome Hamming inválido (15) en bloque offset 92
CRC32_IEEE,10,0.000000,1,80,112,32,0,true,true,false,false,0,true,
CRC32_IEEE,10,0.000000,2,80,112,32,0,true,true,false,false,0,true,
CRC32_IEEE,10,0.000000,3,80,112,32,0,true,true,false,false,0,true,
CRC32_IEEE,10,0.000000,4,80,112,32,0,true,true,false,false,0,true,
CRC32_IEEE,10,0.000000,5,80,112,32,0,true,true,false,false,0,true,
CRC32_IEEE,10,0.000000,6,80,112,32,0,true,true,false,false,0,true,
CRC32_IEEE,10,0.000000,7,80,112,32,0,true,true,false,false,0,true,
CRC32_IEEE,10,0.000000,8,80,112,32,0,true,true,false,false,0,true,
CRC32_IEEE,10,0.000000,9,80,112,32,0,true,true,false,false,0,true,
CRC32_IEEE,10,0.000000,10,80,112,32,0,true,true,false,false,0,true,
CRC32_IEEE,10,0.000000,11,80,112,32,0,true,true,false,false,0,true,
CRC32_IEEE,10,0.000000,12,80,112,32,0,true,true,false,false,0,true,
CRC32_IEEE,10,0.000000,13,80,112,32,0,true,true,false,false,0,true,
CRC32_IEEE,10,0.000000,14,80,112,32,0,true,true,false,false,0,true,
CRC32_IEEE,10,0.000000,15,80,112,32,0,true,true,false,false,0,true,
CRC32_IEEE,10,0.000000,16,80,112,32,0,true,true,false,false,0,true,
CRC32_IEEE,10,0.000000,17,80,112,32,0,true,true,false,false,0,true,
CRC32_IEEE,10,0.000000,18,80,112,32,0,true,true,false,false,0,true,
CRC32_IEEE,10,0.000000,19,80,112,32,0,true,true,false,false,0,true,
CRC32_IEEE,10,0.000000,20,80,112,32,0,true,true,false,false,0,true,
CRC32_IEEE,10,0.000000,21,80,112,32,0,true,true,false,false,0,true,
CRC32_IEEE,10,0.000000,22,80,112,32,0,true,true,false,false,0,true,
CRC32_IEEE,10,0.000000,23,80,112,32,0,true,true,false,false,0,true,
CRC32_IEEE,10,0.000000,24,80,112,32,0,true,true,false,false,0,true,
CRC32_IEEE,10,0.000000,25,80,112,32,0,true,true,false,false,0,true,
CRC32_IEEE,10,0.000000,26,80,112,32,0,true,true,false,false,0,true,
CRC32_IEEE,10,0.000000,27,80,112,32,0,true,true,false,false,0,true,
CRC32_IEEE,10,0.000000,28,80,112,32,0,true,true,false,false,0,true,
CRC32_IEEE,10,0.000000,29,80,112,32,0,true,true,false,false,0,true,
CRC32_IEEE,10,0.000000,30,80,112,32,0,true,true,false,false,0,true,
CRC32_IEEE,10,0.000000,31,80,112,32,0,true,true,false,false,0,true,
CRC32_IEEE,10,0.000000,32,80,112,32,0,true,true,false,false,0,true,
CRC32_IEEE,10,0.000000,33,80,112,32,0,true,true,false,false,0,true,
CRC32_IEEE,10,0.000000,34,80,112,32,0,true,true,false,false,0,true,
CRC32_IEEE,10,0.000000,35,80,112,32,0,true,true,false,false,0,true,
CRC32_IEEE,10,0.000000,36,80,112,32,0,true,true,false,false,0,true,
CRC32_IEEE,10,0.000000,37,80,112,32,0,true,true,false,false,0,true,
CRC32_IEEE,10,0.000000,38,80,112,32,0,true,true,false,false,0,true,
CRC32_IEEE,10,0.000000,39,80,112,32,0,true,true,false,false,0,true,
CRC32_IEEE,10,0.000000,40,80,112,32,0,true,true,false,false,0,true,
CRC32_IEEE,10,0.000000,41,80,112,32,0,true,true,false,false,0,true,
CRC32_IEEE,10,0.000000,42,80,112,32,0,true,true,false,false,0,true,
CRC32_IEEE,10,0.000000,43,80,112,32,0,true,true,false,false,0,true,
CRC32_IEEE,10,0.000000,44,80,112,32,0,true,true,false,false,0,true,
CRC32_IEEE,10,0.000000,45,80,112,32,0,true,true,false,false,0,true,
CRC32_IEEE,10,0.000000,46,80,112,32,0,true,true,false,false,0,true,
CRC32_IEEE,10,0.000000,47,80,112,32,0,true,true,false,false,0,true,
CRC32_IEEE,10,0.000000,48,80,112,32,0,true,true,false,false,0,true,
CRC32_IEEE,10,0.000000,49,80,112,32,0,true,true,false,false,0,true,
CRC32_IEEE,10,0.000000,50,80,112,32,0,true,true,false,false,0,true,
CRC32_IEEE,10,0.000000,51,80,112,32,0,true,true,false,false,0,true,
CRC32_IEEE,10,0.000000,52,80,112,32,0,true,true,false,false,0,true,
CRC32_IEEE,10,0.000000,53,80,112,32,0,true,true,false,false,0,true,
CRC32_IEEE,10,0.000000,54,80,112,32,0,true,true,false,false,0,true,
CRC32_IEEE,10,0.000000,55,80,112,32,0,true,true,false,false,0,true,
CRC32_IEEE,10,0.000000,56,80,112,32,0,true,true,false,false,0,true,
CRC32_IEEE,10,0.000000,57,80,112,32,0,true,true,false,false,0,true,
CRC32_IEEE,10,0.000000,58,80,112,32,0,true,true,false,false,0,true,
CRC32_IEEE,10,0.000000,59,80,112,32,0,true,true,false,false,0,true,
CRC32_IEEE,10,0.000000,60,80,112,32,0,true,true,false,false,0,true,
CRC32_IEEE,10,0.000000,61,80,112,32,0,true,true,false,false,0,true,
CRC32_IEEE,10,0.000000,62,80,112,32,0,true,true,false,false,0,true,
CRC32_IEEE,10,0.000000,63,80,112,32,0,true,true,false,false,0,true,
CRC32_IEEE,10,0.000000,64,80,112,32,0,true,true,false,false,0,true,
CRC32_IEEE,10,0.000000,65,80,112,32,0,true,true,false,false,0,true,
CRC32_IEEE,10,0.000000,66,80,112,32,0,true,true,false,false,0,true,
CRC32_IEEE,10,0.000000,67,80,112,32,0,true,true,false,false,0,true,
CRC32_IEEE,10,0.000000,68,80,112,32,0,true,true,false,false,0,true,
CRC32_IEEE,10,0.000000,69,80,112,32,0,true,true,false,false,0,true,
CRC32_IEEE,10,0.000000,70,80,112,32,0,true,true,false,false,0,true,
CRC32_IEEE,10,0.000000,71,80,112,32,0,true,true,false,false,0,true,
CRC32_IEEE,10,0.000000,72,80,112,32,0,true,true,false,false,0,true,
CRC32_IEEE,10,0.000000,73,80,112,32,0,true,true,false,false,0,true,
CRC32_IEEE,10,0.000000,74,80,112,32,0,true,true,false,false,0,true,
CRC32_IEEE,10,0.000000,75,80,112,32,0,true,true,false,false,0,true,
CRC32_IEEE,10,0.000000,76,80,112,32,0,true,true,false,false,0,true,
CRC32_IEEE,10,0.000000,77,80,112,32,0,true,true,false,false,0,true,
CRC32_IEEE,10,0.000000,78,80,112,32,0,true,true,false,false,0,true,
CRC32_IEEE,10,0.000000,79,80,112,32,0,true,true,false,false,0,true,
CRC32_IEEE,10,0.000000,80,80,112,32,0,true,true,false,false,0,true,
CRC32_IEEE,10,0.000000,81,80,112,32,0,true,true,false,false,0,true,
CRC32_IEEE,10,0.000000,82,80,112,32,0,true,true,false,false,0,true,
CRC32_IEEE,10,0.000000,83,80,112,32,0,true,true,false,false,0,true,
CRC32_IEEE,10,0.000000,84,80,112,32,0,true,true,false,false,0,true,
CRC32_IEEE,10,0.000000,85,80,112,32,0,true,true,false,false,0,true,
CRC32_IEEE,10,0.000000,86,80,112,32,0,true,true,false,false,0,true,
CRC32_IEEE,10,0.000000,87,80,112,32,0,true,true,false,false,0,true,
CRC32_IEEE,10,0.000000,88,80,112,32,0,true,true,false,false,0,true,
CRC32_IEEE,10,0.000000,89,80,112,32,0,true,true,false,false,0,true,
CRC32_IEEE,10,0.000000,90,80,112,32,0,true,true,false,false,0,true,
CRC32_IEEE,10,0.000000,91,80,112,32,0,true,true,false,false,0,true,
CRC32_IEEE,10,0.000000,92,80,112,32,0,true,true,false,false,0,true,
CRC32_IEEE,10,0.000000,93,80,112,32,0,true,true,false,false,0,true,
CRC32_IEEE,10,0.000000,94,80,112,32,0,true,true,false,false,0,true,
CRC32_IEEE,10,0.000000,95,80,112,32,0,true,true,false,false,0,true,
CRC32_IEEE,10,0.000000,96,80,112,32,0,true,true,false,false,0,true,
CRC32_IEEE,10,0.000000,97,80,112,32,0,true,true,false,false,0,true,
CRC32_IEEE,10,0.000000,98,80,112,32,0,true,true,false,false,0,true,
CRC32_IEEE,10,0.000000,99,80,112,32,0,true,true,false,false,0,true,
CRC32_IEEE,10,0.000000,100,80,112,32,0,true,true,false,false,0,true,
CRC32_IEEE,10,0.001000,1,80,112,32,0,true,true,false,false,0,true,
CRC32_IEEE,10,0.001000,2,80,112,32,0,true,true,false,false,0,true,
CRC32_IEEE,10,0.001000,3,80,112,32,0,true,true,false,false,0,true,
CRC32_IEEE,10,0.001000,4,80,112,32,0,true,true,false,false,0,true,
CRC32_IEEE,10,0.001000,5,80,112,32,1,true,false,true,false,0,false,CRC mismatch
CRC32_IEEE,10,0.001000,6,80,112,32,1,true,false,true,false,0,false,CRC mismatch
CRC32_IEEE,10,0.001000,7,80,112,32,0,true,true,false,false,0,true,
CRC32_IEEE,10,0.001000,8,80,112,32,0,true,true,false,false,0,true,
CRC32_IEEE,10,0.001000,9,80,112,32,0,true,true,false,false,0,true,
CRC32_IEEE,10,0.001000,10,80,112,32,0,true,true,false,false,0,true,
CRC32_IEEE,10,0.001000,11,80,112,32,0,true,true,false,false,0,true,
CRC32_IEEE,10,0.001000,12,80,112,32,0,true,true,false,false,0,true,
CRC32_IEEE,10,0.001000,13,80,112,32,0,true,true,false,false,0,true,
CRC32_IEEE,10,0.001000,14,80,112,32,2,true,false,true,false,0,false,CRC mismatch
CRC32_IEEE,10,0.001000,15,80,112,32,0,true,true,false,false,0,true,
CRC32_IEEE,10,0.001000,16,80,112,32,0,true,true,false,false,0,true,
CRC32_IEEE,10,0.001000,17,80,112,32,1,true,false,true,false,0,false,CRC mismatch
CRC32_IEEE,10,0.001000,18,80,112,32,0,true,true,false,false,0,true,
CRC32_IEEE,10,0.001000,19,80,112,32,0,true,true,false,false,0,true,
CRC32_IEEE,10,0.001000,20,80,112,32,0,true,true,false,false,0,true,
CRC32_IEEE,10,0.001000,21,80,112,32,1,true,false,true,false,0,false,CRC mismatch
CRC32_IEEE,10,0.001000,22,80,112,32,0,true,true,false,false,0,true,
CRC32_IEEE,10,0.001000,23,80,112,32,0,true,true,false,false,0,true,
CRC32_IEEE,10,0.001000,24,80,112,32,0,true,true,false,false,0,true,
CRC32_IEEE,10,0.001000,25,80,112,32,0,true,true,false,false,0,true,
CRC32_IEEE,10,0.001000,26,80,112,32,0,true,true,false,false,0,true,
CRC32_IEEE,10,0.001000,27,80,112,32,0,true,true,false,false,0,true,
CRC32_IEEE,10,0.001000,28,80,112,32,0,true,true,false,false,0,true,
CRC32_IEEE,10,0.001000,29,80,112,32,0,true,true,false,false,0,true,
CRC32_IEEE,10,0.001000,30,80,112,32,0,true,true,false,false,0,true,
CRC32_IEEE,10,0.001000,31,80,112,32,0,true,true,false,false,0,true,
CRC32_IEEE,10,0.001000,32,80,112,32,0,true,true,false,false,0,true,
CRC32_IEEE,10,0.001000,33,80,112,32,0,true,true,false,false,0,true,
CRC32_IEEE,10,0.001000,34,80,112,32,0,true,true,false,false,0,true,
CRC32_IEEE,10,0.001000,35,80,112,32,0,true,true,false,false,0,true,
CRC32_IEEE,10,0.001000,36,80,112,32,0,true,true,false,false,0,true,
CRC32_IEEE,10,0.001000,37,80,112,32,0,true,true,false,false,0,true,
CRC32_IEEE,10,0.001000,38,80,112,32,0,true,true,false,false,0,true,
CRC32_IEEE,10,0.001000,39,80,112,32,0,true,true,false,false,0,true,
CRC32_IEEE,10,0.001000,40,80,112,32,0,true,true,false,false,0,true,
CRC32_IEEE,10,0.001000,41,80,112,32,0,true,true,false,false,0,true,
CRC32_IEEE,10,0.001000,42,80,112,32,0,true,true,false,false,0,true,
CRC32_IEEE,10,0.001000,43,80,112,32,0,true,true,false,false,0,true,
CRC32_IEEE,10,0.001000,44,80,112,32,0,true,true,false,false,0,true,
CRC32_IEEE,10,0.001000,45,80,112,32,0,true,true,false,false,0,true,
CRC32_IEEE,10,0.001000,46,80,112,32,0,true,true,false,false,0,true,
CRC32_IEEE,10,0.001000,47,80,112,32,0,true,true,false,false,0,true,
CRC32_IEEE,10,0.001000,48,80,112,32,0,true,true,false,false,0,true,
CRC32_IEEE,10,0.001000,49,80,112,32,0,true,true,false,false,0,true,
CRC32_IEEE,10,0.001000,50,80,112,32,0,true,true,false,false,0,true,
CRC32_IEEE,10,0.001000,51,80,112,32,0,true,true,false,false,0,true,
CRC32_IEEE,10,0.001000,52,80,112,32,0,true,true,false,false,0,true,
CRC32_IEEE,10,0.001000,53,80,112,32,0,true,true,false,false,0,true,
CRC32_IEEE,10,0.001000,54,80,112,32,0,true,true,false,false,0,true,
CRC32_IEEE,10,0.001000,55,80,112,32,0,true,true,false,false,0,true,
CRC32_IEEE,10,0.001000,56,80,112,32,0,true,true,false,false,0,true,
CRC32_IEEE,10,0.001000,57,80,112,32,0,true,true,false,false,0,true,
CRC32_IEEE,10,0.001000,58,80,112,32,0,true,true,false,false,0,true,
CRC32_IEEE,10,0.001000,59,80,112,32,0,true,true,false,false,0,true,
CRC32_IEEE,10,0.001000,60,80,112,32,0,true,true,false,false,0,true,
CRC32_IEEE,10,0.001000,61,80,112,32,1,true,false,true,false,0,false,CRC mismatch
CRC32_IEEE,10,0.001000,62,80,112,32,0,true,true,false,false,0,true,
CRC32_IEEE,10,0.001000,63,80,112,32,0,true,true,false,false,0,true,
CRC32_IEEE,10,0.001000,64,80,112,32,0,true,true,false,false,0,true,
CRC32_IEEE,10,0.001000,65,80,112,32,0,true,true,false,false,0,true,
CRC32_IEEE,10,0.001000,66,80,112,32,0,true,true,false,false,0,true,
CRC32_IEEE,10,0.001000,67,80,112,32,0,true,true,false,false,0,true,
CRC32_IEEE,10,0.001000,68,80,112,32,1,true,false,true,false,0,false,CRC mismatch
CRC32_IEEE,10,0.001000,69,80,112,32,0,true,true,false,false,0,true,
CRC32_IEEE,10,0.001000,70,80,112,32,0,true,true,false,false,0,true,
CRC32_IEEE,10,0.001000,71,80,112,32,0,true,true,false,false,0,true,
CRC32_IEEE,10,0.001000,72,80,112,32,0,true,true,false,false,0,true,
CRC32_IEEE,10,0.001000,73,80,112,32,0,true,true,false,false,0,true,
CRC32_IEEE,10,0.001000,74,80,112,32,0,true,true,false,false,0,true,
CRC32_IEEE,10,0.001000,75,80,112,32,0,true,true,false,false,0,true,
CRC32_IEEE,10,0.001000,76,80,112,32,0,true,true,false,false,0,true,
CRC32_IEEE,10,0.001000,77,80,112,32,0,true,true,false,false,0,true,
CRC32_IEEE,10,0.001000,78,80,112,32,0,true,true,false,false,0,true,
CRC32_IEEE,10,0.001000,79,80,112,32,1,true,false,true,false,0,false,CRC mismatch
CRC32_IEEE,10,0.001000,80,80,112,32,0,true,true,false,false,0,true,
CRC32_IEEE,10,0.001000,81,80,112,32,0,true,true,false,false,0,true,
CRC32_IEEE,10,0.001000,82,80,112,32,0,true,true,false,false,0,true,
CRC32_IEEE,10,0.001000,83,80,112,32,0,true,true,false,false,0,true,
CRC32_IEEE,10,0.001000,84,80,112,32,0,true,true,false,false,0,true,
CRC32_IEEE,10,0.001000,85,80,112,32,0,true,true,false,false,0,true,
CRC32_IEEE,10,0.001000,86,80,112,32,0,true,true,false,false,0,true,
CRC32_IEEE,10,0.001000,87,80,112,32,0,true,true,false,false,0,true,
CRC32_IEEE,10,0.001000,88,80,112,32,0,true,true,false,false,0,true,
CRC32_IEEE,10,0.001000,89,80,112,32,0,true,true,false,false,0,true,
CRC32_IEEE,10,0.001000,90,80,112,32,0,true,true,false,false,0,true,
CRC32_IEEE,10,0.001000,91,80,112,32,0,true,true,false,false,0,true,
CRC32_IEEE,10,0.001000,92,80,112,32,0,true,true,false,false,0,true,
CRC32_IEEE,10,0.001000,93,80,112,32,0,true,true,false,false,0,true,
CRC32_IEEE,10,0.001000,94,80,112,32,0,true,true,false,false,0,true,
CRC32_IEEE,10,0.001000,95,80,112,32,1,true,false,true,false,0,false,CRC mismatch
CRC32_IEEE,10,0.001000,96,80,112,32,0,true,true,false,false,0,true,
CRC32_IEEE,10,0.001000,97,80,112,32,0,true,true,false,false,0,true,
CRC32_IEEE,10,0.001000,98,80,112,32,0,true,true,false,false,0,true,
CRC32_IEEE,10,0.001000,99,80,112,32,0,true,true,false,false,0,true,
CRC32_IEEE,10,0.001000,100,80,112,32,0,true,true,false,false,0,true,
CRC32_IEEE,10,0.010000,1,80,112,32,1,true,false,true,false,0,false,CRC mismatch
CRC32_IEEE,10,0.010000,2,80,112,32,1,true,false,true,false,0,false,CRC mismatch
CRC32_IEEE,10,0.010000,3,80,112,32,2,true,false,true,false,0,false,CRC mismatch
CRC32_IEEE,10,0.010000,4,80,112,32,2,true,false,true,false,0,false,CRC mismatch
CRC32_IEEE,10,0.010000,5,80,112,32,0,true,true,false,false,0,true,
CRC32_IEEE,10,0.010000,6,80,112,32,0,true,true,false,false,0,true,
CRC32_IEEE,10,0.010000,7,80,112,32,0,true,true,false,false,0,true,
CRC32_IEEE,10,0.010000,8,80,112,32,1,true,false,true,false,0,false,CRC mismatch
CRC32_IEEE,10,0.010000,9,80,112,32,1,true,false,true,false,0,false,CRC mismatch
CRC32_IEEE,10,0.010000,10,80,112,32,1,true,false,true,false,0,false,CRC mismatch
CRC32_IEEE,10,0.010000,11,80,112,32,1,true,false,true,false,0,false,CRC mismatch
CRC32_IEEE,10,0.010000,12,80,112,32,1,true,false,true,false,0,false,CRC mismatch
CRC32_IEEE,10,0.010000,13,80,112,32,1,true,false,true,false,0,false,CRC mismatch
CRC32_IEEE,10,0.010000,14,80,112,32,1,true,false,true,false,0,false,CRC mismatch
CRC32_IEEE,10,0.010000,15,80,112,32,0,true,true,false,false,0,true,
CRC32_IEEE,10,0.010000,16,80,112,32,1,true,false,true,false,0,false,CRC mismatch
CRC32_IEEE,10,0.010000,17,80,112,32,2,true,false,true,false,0,false,CRC mismatch
CRC32_IEEE,10,0.010000,18,80,112,32,0,true,true,false,false,0,true,
CRC32_IEEE,10,0.010000,19,80,112,32,0,true,true,false,false,0,true,
CRC32_IEEE,10,0.010000,20,80,112,32,1,true,false,true,false,0,false,CRC mismatch
CRC32_IEEE,10,0.010000,21,80,112,32,2,true,false,true,false,0,false,CRC mismatch
CRC32_IEEE,10,0.010000,22,80,112,32,2,true,false,true,false,0,false,CRC mismatch
CRC32_IEEE,10,0.010000,23,80,112,32,1,true,false,true,false,0,false,CRC mismatch
CRC32_IEEE,10,0.010000,24,80,112,32,1,true,false,true,false,0,false,CRC mismatch
CRC32_IEEE,10,0.010000,25,80,112,32,1,true,false,true,false,0,false,CRC mismatch
CRC32_IEEE,10,0.010000,26,80,112,32,2,true,false,true,false,0,false,CRC mismatch
CRC32_IEEE,10,0.010000,27,80,112,32,0,true,true,false,false,0,true,
CRC32_IEEE,10,0.010000,28,80,112,32,2,true,false,true,false,0,false,CRC mismatch
CRC32_IEEE,10,0.010000,29,80,112,32,1,true,false,true,false,0,false,CRC mismatch
CRC32_IEEE,10,0.010000,30,80,112,32,2,true,false,true,false,0,false,CRC mismatch
CRC32_IEEE,10,0.010000,31,80,112,32,2,true,false,true,false,0,false,CRC mismatch
CRC32_IEEE,10,0.010000,32,80,112,32,0,true,true,false,false,0,true,
CRC32_IEEE,10,0.010000,33,80,112,32,1,true,false,true,false,0,false,CRC mismatch
CRC32_IEEE,10,0.010000,34,80,112,32,1,true,false,true,false,0,false,CRC mismatch
CRC32_IEEE,10,0.010000,35,80,112,32,0,true,true,false,false,0,true,
CRC32_IEEE,10,0.010000,36,80,112,32,4,true,false,true,false,0,false,CRC mismatch
CRC32_IEEE,10,0.010000,37,80,112,32,3,true,false,true,false,0,false,CRC mismatch
CRC32_IEEE,10,0.010000,38,80,112,32,0,true,true,false,false,0,true,
CRC32_IEEE,10,0.010000,39,80,112,32,1,true,false,true,false,0,false,CRC mismatch
CRC32_IEEE,10,0.010000,40,80,112,32,1,true,false,true,false,0,false,CRC mismatch
CRC32_IEEE,10,0.010000,41,80,112,32,1,true,false,true,false,0,false,CRC mismatch
CRC32_IEEE,10,0.010000,42,80,112,32,1,true,false,true,false,0,false,CRC mismatch
CRC32_IEEE,10,0.010000,43,80,112,32,1,true,false,true,false,0,false,CRC mismatch
CRC32_IEEE,10,0.010000,44,80,112,32,1,true,false,true,false,0,false,CRC mismatch
CRC32_IEEE,10,0.010000,45,80,112,32,2,true,false,true,false,0,false,CRC mismatch
CRC32_IEEE,10,0.010000,46,80,112,32,0,true,true,false,false,0,true,
CRC32_IEEE,10,0.010000,47,80,112,32,1,true,false,true,false,0,false,CRC mismatch
CRC32_IEEE,10,0.010000,48,80,112,32,2,true,false,true,false,0,false,CRC mismatch
CRC32_IEEE,10,0.010000,49,80,112,32,1,true,false,true,false,0,false,CRC mismatch
CRC32_IEEE,10,0.010000,50,80,112,32,1,true,false,true,false,0,false,CRC mismatch
CRC32_IEEE,10,0.010000,51,80,112,32,1,true,false,true,false,0,false,CRC mismatch
CRC32_IEEE,10,0.010000,52,80,112,32,1,true,false,true,false,0,false,CRC mismatch
CRC32_IEEE,10,0.010000,53,80,112,32,0,true,true,false,false,0,true,
CRC32_IEEE,10,0.010000,54,80,112,32,0,true,true,false,false,0,true,
CRC32_IEEE,10,0.010000,55,80,112,32,1,true,false,true,false,0,false,CRC mismatch
CRC32_IEEE,10,0.010000,56,80,112,32,0,true,true,false,false,0,true,
CRC32_IEEE,10,0.010000,57,80,112,32,0,true,true,false,false,0,true,
CRC32_IEEE,10,0.010000,58,80,112,32,0,true,true,false,false,0,true,
CRC32_IEEE,10,0.010000,59,80,112,32,1,true,false,true,false,0,false,CRC mismatch
CRC32_IEEE,10,0.010000,60,80,112,32,1,true,false,true,false,0,false,CRC mismatch
CRC32_IEEE,10,0.010000,61,80,112,32,1,true,false,true,false,0,false,CRC mismatch
CRC32_IEEE,10,0.010000,62,80,112,32,0,true,true,false,false,0,true,
CRC32_IEEE,10,0.010000,63,80,112,32,3,true,false,true,false,0,false,CRC mismatch
CRC32_IEEE,10,0.010000,64,80,112,32,2,true,false,true,false,0,false,CRC mismatch
CRC32_IEEE,10,0.010000,65,80,112,32,2,true,false,true,false,0,false,CRC mismatch
CRC32_IEEE,10,0.010000,66,80,112,32,1,true,false,true,false,0,false,CRC mismatch
CRC32_IEEE,10,0.010000,67,80,112,32,2,true,false,true,false,0,false,CRC mismatch
CRC32_IEEE,10,0.010000,68,80,112,32,2,true,false,true,false,0,false,CRC mismatch
CRC32_IEEE,10,0.010000,69,80,112,32,1,true,false,true,false,0,false,CRC mismatch
CRC32_IEEE,10,0.010000,70,80,112,32,3,true,false,true,false,0,false,CRC mismatch
CRC32_IEEE,10,0.010000,71,80,112,32,0,true,true,false,false,0,true,
CRC32_IEEE,10,0.010000,72,80,112,32,3,true,false,true,false,0,false,CRC mismatch
CRC32_IEEE,10,0.010000,73,80,112,32,2,true,false,true,false,0,false,CRC mismatch
CRC32_IEEE,10,0.010000,74,80,112,32,0,true,true,false,false,0,true,
CRC32_IEEE,10,0.010000,75,80,112,32,1,true,false,true,false,0,false,CRC mismatch
CRC32_IEEE,10,0.010000,76,80,112,32,0,true,true,false,false,0,true,
CRC32_IEEE,10,0.010000,77,80,112,32,3,true,false,true,false,0,false,CRC mismatch
CRC32_IEEE,10,0.010000,78,80,112,32,3,true,false,true,false,0,false,CRC mismatch
CRC32_IEEE,10,0.010000,79,80,112,32,1,true,false,true,false,0,false,CRC mismatch
CRC32_IEEE,10,0.010000,80,80,112,32,0,true,true,false,false,0,true,
CRC32_IEEE,10,0.010000,81,80,112,32,1,true,false,true,false,0,false,CRC mismatch
CRC32_IEEE,10,0.010000,82,80,112,32,0,true,true,false,false,0,true,
CRC32_IEEE,10,0.010000,83,80,112,32,1,true,false,true,false,0,false,CRC mismatch
CRC32_IEEE,10,0.010000,84,80,112,32,1,true,false,true,false,0,false,CRC mismatch
CRC32_IEEE,10,0.010000,85,80,112,32,1,true,false,true,false,0,false,CRC mismatch
CRC32_IEEE,10,0.010000,86,80,112,32,0,true,true,false,false,0,true,
CRC32_IEEE,10,0.010000,87,80,112,32,2,true,false,true,false,0,false,CRC mismatch
CRC32_IEEE,10,0.010000,88,80,112,32,3,true,false,true,false,0,false,CRC mismatch
CRC32_IEEE,10,0.010000,89,80,112,32,2,true,false,true,false,0,false,CRC mismatch
CRC32_IEEE,10,0.010000,90,80,112,32,2,true,false,true,false,0,false,CRC mismatch
CRC32_IEEE,10,0.010000,91,80,112,32,1,true,false,true,false,0,false,CRC mismatch
CRC32_IEEE,10,0.010000,92,80,112,32,4,true,false,true,false,0,false,CRC mismatch
CRC32_IEEE,10,0.010000,93,80,112,32,0,true,true,false,false,0,true,
CRC32_IEEE,10,0.010000,94,80,112,32,1,true,false,true,false,0,false,CRC mismatch
CRC32_IEEE,10,0.010000,95,80,112,32,1,true,false,true,false,0,false,CRC mismatch
CRC32_IEEE,10,0.010000,96,80,112,32,2,true,false,true,false,0,false,CRC mismatch
CRC32_IEEE,10,0.010000,97,80,112,32,1,true,false,true,false,0,false,CRC mismatch
CRC32_IEEE,10,0.010000,98,80,112,32,0,true,true,false,false,0,true,
CRC32_IEEE,10,0.010000,99,80,112,32,1,true,false,true,false,0,false,CRC mismatch
CRC32_IEEE,10,0.010000,100,80,112,32,2,true,false,true,false,0,false,CRC mismatch
CRC32_IEEE,10,0.050000,1,80,112,32,4,true,false,true,false,0,false,CRC mismatch
CRC32_IEEE,10,0.050000,2,80,112,32,4,true,false,true,false,0,false,CRC mismatch
CRC32_IEEE,10,0.050000,3,80,112,32,10,true,false,true,false,0,false,CRC mismatch
CRC32_IEEE,10,0.050000,4,80,112,32,4,true,false,true,false,0,false,CRC mismatch
CRC32_IEEE,10,0.050000,5,80,112,32,7,true,false,true,false,0,false,CRC mismatch
CRC32_IEEE,10,0.050000,6,80,112,32,5,true,false,true,false,0,false,CRC mismatch
CRC32_IEEE,10,0.050000,7,80,112,32,5,true,false,true,false,0,false,CRC mismatch
CRC32_IEEE,10,0.050000,8,80,112,32,3,true,false,true,false,0,false,CRC mismatch
CRC32_IEEE,10,0.050000,9,80,112,32,9,true,false,true,false,0,false,CRC mismatch
CRC32_IEEE,10,0.050000,10,80,112,32,3,true,false,true,false,0,false,CRC mismatch
CRC32_IEEE,10,0.050000,11,80,112,32,3,true,false,true,false,0,false,CRC mismatch
CRC32_IEEE,10,0.050000,12,80,112,32,3,true,false,true,false,0,false,CRC mismatch
CRC32_IEEE,10,0.050000,13,80,112,32,3,true,false,true,false,0,false,CRC mismatch
CRC32_IEEE,10,0.050000,14,80,112,32,6,true,false,true,false,0,false,CRC mismatch
CRC32_IEEE,10,0.050000,15,80,112,32,5,true,false,true,false,0,false,CRC mismatch
CRC32_IEEE,10,0.050000,16,80,112,32,8,true,false,true,false,0,false,CRC mismatch
CRC32_IEEE,10,0.050000,17,80,112,32,4,true,false,true,false,0,false,CRC mismatch
CRC32_IEEE,10,0.050000,18,80,112,32,8,true,false,true,false,0,false,CRC mismatch
CRC32_IEEE,10,0.050000,19,80,112,32,6,true,false,true,false,0,false,CRC mismatch
CRC32_IEEE,10,0.050000,20,80,112,32,8,true,false,true,false,0,false,CRC mismatch
CRC32_IEEE,10,0.050000,21,80,112,32,4,true,false,true,false,0,false,CRC mismatch
CRC32_IEEE,10,0.050000,22,80,112,32,6,true,false,true,false,0,false,CRC mismatch
CRC32_IEEE,10,0.050000,23,80,112,32,3,true,false,true,false,0,false,CRC mismatch
CRC32_IEEE,10,0.050000,24,80,112,32,5,true,false,true,false,0,false,CRC mismatch
CRC32_IEEE,10,0.050000,25,80,112,32,3,true,false,true,false,0,false,CRC mismatch
CRC32_IEEE,10,0.050000,26,80,112,32,5,true,false,true,false,0,false,CRC mismatch
CRC32_IEEE,10,0.050000,27,80,112,32,4,true,false,true,false,0,false,CRC mismatch
CRC32_IEEE,10,0.050000,28,80,112,32,7,true,false,true,false,0,false,CRC mismatch
CRC32_IEEE,10,0.050000,29,80,112,32,5,true,false,true,false,0,false,CRC mismatch
CRC32_IEEE,10,0.050000,30,80,112,32,7,true,false,true,false,0,false,CRC mismatch
CRC32_IEEE,10,0.050000,31,80,112,32,5,true,false,true,false,0,false,CRC mismatch
CRC32_IEEE,10,0.050000,32,80,112,32,4,true,false,true,false,0,false,CRC mismatch
CRC32_IEEE,10,0.050000,33,80,112,32,6,true,false,true,false,0,false,CRC mismatch
CRC32_IEEE,10,0.050000,34,80,112,32,4,true,false,true,false,0,false,CRC mismatch
CRC32_IEEE,10,0.050000,35,80,112,32,3,true,false,true,false,0,false,CRC mismatch
CRC32_IEEE,10,0.050000,36,80,112,32,8,true,false,true,false,0,false,CRC mismatch
CRC32_IEEE,10,0.050000,37,80,112,32,8,true,false,true,false,0,false,CRC mismatch
CRC32_IEEE,10,0.050000,38,80,112,32,3,true,false,true,false,0,false,CRC mismatch
CRC32_IEEE,10,0.050000,39,80,112,32,4,true,false,true,false,0,false,CRC mismatch
CRC32_IEEE,10,0.050000,40,80,112,32,0,true,true,false,false,0,true,
CRC32_IEEE,10,0.050000,41,80,112,32,7,true,false,true,false,0,false,CRC mismatch
CRC32_IEEE,10,0.050000,42,80,112,32,6,true,false,true,false,0,false,CRC mismatch
CRC32_IEEE,10,0.050000,43,80,112,32,8,true,false,true,false,0,false,CRC mismatch
CRC32_IEEE,10,0.050000,44,80,112,32,12,true,false,true,false,0,false,CRC mismatch
CRC32_IEEE,10,0.050000,45,80,112,32,8,true,false,true,false,0,false,CRC mismatch
CRC32_IEEE,10,0.050000,46,80,112,32,6,true,false,true,false,0,false,CRC mismatch
CRC32_IEEE,10,0.050000,47,80,112,32,6,true,false,true,false,0,false,CRC mismatch
CRC32_IEEE,10,0.050000,48,80,112,32,10,true,false,true,false,0,false,CRC mismatch
CRC32_IEEE,10,0.050000,49,80,112,32,4,true,false,true,false,0,false,CRC mismatch
CRC32_IEEE,10,0.050000,50,80,112,32,8,true,false,true,false,0,false,CRC mismatch
CRC32_IEEE,10,0.050000,51,80,112,32,9,true,false,true,false,0,false,CRC mismatch
CRC32_IEEE,10,0.050000,52,80,112,32,11,true,false,true,false,0,false,CRC mismatch
CRC32_IEEE,10,0.050000,53,80,112,32,7,true,false,true,false,0,false,CRC mismatch
CRC32_IEEE,10,0.050000,54,80,112,32,9,true,false,true,false,0,false,CRC mismatch
CRC32_IEEE,10,0.050000,55,80,112,32,1,true,false,true,false,0,false,CRC mismatch
CRC32_IEEE,10,0.050000,56,80,112,32,6,true,false,true,false,0,false,CRC mismatch
CRC32_IEEE,10,0.050000,57,80,112,32,5,true,false,true,false,0,false,CRC mismatch
CRC32_IEEE,10,0.050000,58,80,112,32,7,true,false,true,false,0,false,CRC mismatch
CRC32_IEEE,10,0.050000,59,80,112,32,5,true,false,true,false,0,false,CRC mismatch
CRC32_IEEE,10,0.050000,60,80,112,32,3,true,false,true,false,0,false,CRC mismatch
CRC32_IEEE,10,0.050000,61,80,112,32,2,true,false,true,false,0,false,CRC mismatch
CRC32_IEEE,10,0.050000,62,80,112,32,3,true,false,true,false,0,false,CRC mismatch
CRC32_IEEE,10,0.050000,63,80,112,32,5,true,false,true,false,0,false,CRC mismatch
CRC32_IEEE,10,0.050000,64,80,112,32,4,true,false,true,false,0,false,CRC mismatch
CRC32_IEEE,10,0.050000,65,80,112,32,7,true,false,true,false,0,false,CRC mismatch
CRC32_IEEE,10,0.050000,66,80,112,32,4,true,false,true,false,0,false,CRC mismatch
CRC32_IEEE,10,0.050000,67,80,112,32,5,true,false,true,false,0,false,CRC mismatch
CRC32_IEEE,10,0.050000,68,80,112,32,10,true,false,true,false,0,false,CRC mismatch
CRC32_IEEE,10,0.050000,69,80,112,32,7,true,false,true,false,0,false,CRC mismatch
CRC32_IEEE,10,0.050000,70,80,112,32,4,true,false,true,false,0,false,CRC mismatch
CRC32_IEEE,10,0.050000,71,80,112,32,6,true,false,true,false,0,false,CRC mismatch
CRC32_IEEE,10,0.050000,72,80,112,32,4,true,false,true,false,0,false,CRC mismatch
CRC32_IEEE,10,0.050000,73,80,112,32,3,true,false,true,false,0,false,CRC mismatch
CRC32_IEEE,10,0.050000,74,80,112,32,7,true,false,true,false,0,false,CRC mismatch
CRC32_IEEE,10,0.050000,75,80,112,32,4,true,false,true,false,0,false,CRC mismatch
CRC32_IEEE,10,0.050000,76,80,112,32,7,true,false,true,false,0,false,CRC mismatch
CRC32_IEEE,10,0.050000,77,80,112,32,6,true,false,true,false,0,false,CRC mismatch
CRC32_IEEE,10,0.050000,78,80,112,32,7,true,false,true,false,0,false,CRC mismatch
CRC32_IEEE,10,0.050000,79,80,112,32,4,true,false,true,false,0,false,CRC mismatch
CRC32_IEEE,10,0.050000,80,80,112,32,5,true,false,true,false,0,false,CRC mismatch
CRC32_IEEE,10,0.050000,81,80,112,32,6,true,false,true,false,0,false,CRC mismatch
CRC32_IEEE,10,0.050000,82,80,112,32,6,true,false,true,false,0,false,CRC mismatch
CRC32_IEEE,10,0.050000,83,80,112,32,7,true,false,true,false,0,false,CRC mismatch
CRC32_IEEE,10,0.050000,84,80,112,32,6,true,false,true,false,0,false,CRC mismatch
CRC32_IEEE,10,0.050000,85,80,112,32,5,true,false,true,false,0,false,CRC mismatch
CRC32_IEEE,10,0.050000,86,80,112,32,7,true,false,true,false,0,false,CRC mismatch
CRC32_IEEE,10,0.050000,87,80,112,32,7,true,false,true,false,0,false,CRC mismatch
CRC32_IEEE,10,0.050000,88,80,112,32,7,true,false,true,false,0,false,CRC mismatch
CRC32_IEEE,10,0.050000,89,80,112,32,4,true,false,true,false,0,false,CRC mismatch
CRC32_IEEE,10,0.050000,90,80,112,32,4,true,false,true,false,0,false,CRC mismatch
CRC32_IEEE,10,0.050000,91,80,112,32,3,true,false,true,false,0,false,CRC mismatch
CRC32_IEEE,10,0.050000,92,80,112,32,10,true,false,true,false,0,false,CRC mismatch
CRC32_IEEE,10,0.050000,93,80,112,32,3,true,false,true,false,0,false,CRC mismatch
CRC32_IEEE,10,0.050000,94,80,112,32,3,true,false,true,false,0,false,CRC mismatch
CRC32_IEEE,10,0.050000,95,80,112,32,5,true,false,true,false,0,false,CRC mismatch
CRC32_IEEE,10,0.050000,96,80,112,32,4,true,false,true,false,0,false,CRC mismatch
CRC32_IEEE,10,0.050000,97,80,112,32,7,true,false,true,false,0,false,CRC mismatch
CRC32_IEEE,10,0.050000,98,80,112,32,13,true,false,true,false,0,false,CRC mismatch
CRC32_IEEE,10,0.050000,99,80,112,32,6,true,false,true,false,0,false,CRC mismatch
CRC32_IEEE,10,0.050000,100,80,112,32,7,true,false,true,false,0,false,CRC mismatch
CRC32_IEEE,100,0.000000,1,800,832,32,0,true,true,false,false,0,true,
CRC32_IEEE,100,0.000000,2,800,832,32,0,true,true,false,false,0,true,
CRC32_IEEE,100,0.000000,3,800,832,32,0,true,true,false,false,0,true,
CRC32_IEEE,100,0.000000,4,800,832,32,0,true,true,false,false,0,true,
CRC32_IEEE,100,0.000000,5,800,832,32,0,true,true,false,false,0,true,
CRC32_IEEE,100,0.000000,6,800,832,32,0,true,true,false,false,0,true,
CRC32_IEEE,100,0.000000,7,800,832,32,0,true,true,false,false,0,true,
CRC32_IEEE,100,0.000000,8,800,832,32,0,true,true,false,false,0,true,
CRC32_IEEE,100,0.000000,9,800,832,32,0,true,true,false,false,0,true,
CRC32_IEEE,100,0.000000,10,800,832,32,0,true,true,false,false,0,true,
CRC32_IEEE,100,0.000000,11,800,832,32,0,true,true,false,false,0,true,
CRC32_IEEE,100,0.000000,12,800,832,32,0,true,true,false,false,0,true,
CRC32_IEEE,100,0.000000,13,800,832,32,0,true,true,false,false,0,true,
CRC32_IEEE,100,0.000000,14,800,832,32,0,true,true,false,false,0,true,
CRC32_IEEE,100,0.000000,15,800,832,32,0,true,true,false,false,0,true,
CRC32_IEEE,100,0.000000,16,800,832,32,0,true,true,false,false,0,true,
CRC32_IEEE,100,0.000000,17,800,832,32,0,true,true,false,false,0,true,
CRC32_IEEE,100,0.000000,18,800,832,32,0,true,true,false,false,0,true,
CRC32_IEEE,100,0.000000,19,800,832,32,0,true,true,false,false,0,true,
CRC32_IEEE,100,0.000000,20,800,832,32,0,true,true,false,false,0,true,
CRC32_IEEE,100,0.000000,21,800,832,32,0,true,true,false,false,0,true,
CRC32_IEEE,100,0.000000,22,800,832,32,0,true,true,false,false,0,true,
CRC32_IEEE,100,0.000000,23,800,832,32,0,true,true,false,false,0,true,
CRC32_IEEE,100,0.000000,24,800,832,32,0,true,true,false,false,0,true,
CRC32_IEEE,100,0.000000,25,800,832,32,0,true,true,false,false,0,true,
CRC32_IEEE,100,0.000000,26,800,832,32,0,true,true,false,false,0,true,
CRC32_IEEE,100,0.000000,27,800,832,32,0,true,true,false,false,0,true,
CRC32_IEEE,100,0.000000,28,800,832,32,0,true,true,false,false,0,true,
CRC32_IEEE,100,0.000000,29,800,832,32,0,true,true,false,false,0,true,
CRC32_IEEE,100,0.000000,30,800,832,32,0,true,true,false,false,0,true,
CRC32_IEEE,100,0.000000,31,800,832,32,0,true,true,false,false,0,true,
CRC32_IEEE,100,0.000000,32,800,832,32,0,true,true,false,false,0,true,
CRC32_IEEE,100,0.000000,33,800,832,32,0,true,true,false,false,0,true,
CRC32_IEEE,100,0.000000,34,800,832,32,0,true,true,false,false,0,true,
CRC32_IEEE,100,0.000000,35,800,832,32,0,true,true,false,false,0,true,
CRC32_IEEE,100,0.000000,36,800,832,32,0,true,true,false,false,0,true,
CRC32_IEEE,100,0.000000,37,800,832,32,0,true,true,false,false,0,true,
CRC32_IEEE,100,0.000000,38,800,832,32,0,true,true,false,false,0,true,
CRC32_IEEE,100,0.000000,39,800,832,32,0,true,true,false,false,0,true,
CRC32_IEEE,100,0.000000,40,800,832,32,0,true,true,false,false,0,true,
CRC32_IEEE,100,0.000000,41,800,832,32,0,true,true,false,false,0,true,
CRC32_IEEE,100,0.000000,42,800,832,32,0,true,true,false,false,0,true,
CRC32_IEEE,100,0.000000,43,800,832,32,0,true,true,false,false,0,true,
CRC32_IEEE,100,0.000000,44,800,832,32,0,true,true,false,false,0,true,
CRC32_IEEE,100,0.000000,45,800,832,32,0,true,true,false,false,0,true,
CRC32_IEEE,100,0.000000,46,800,832,32,0,true,true,false,false,0,true,
CRC32_IEEE,100,0.000000,47,800,832,32,0,true,true,false,false,0,true,
CRC32_IEEE,100,0.000000,48,800,832,32,0,true,true,false,false,0,true,
CRC32_IEEE,100,0.000000,49,800,832,32,0,true,true,false,false,0,true,
CRC32_IEEE,100,0.000000,50,800,832,32,0,true,true,false,false,0,true,
CRC32_IEEE,100,0.000000,51,800,832,32,0,true,true,false,false,0,true,
CRC32_IEEE,100,0.000000,52,800,832,32,0,true,true,false,false,0,true,
CRC32_IEEE,100,0.000000,53,800,832,32,0,true,true,false,false,0,true,
CRC32_IEEE,100,0.000000,54,800,832,32,0,true,true,false,false,0,true,
CRC32_IEEE,100,0.000000,55,800,832,32,0,true,true,false,false,0,true,
CRC32_IEEE,100,0.000000,56,800,832,32,0,true,true,false,false,0,true,
CRC32_IEEE,100,0.000000,57,800,832,32,0,true,true,false,false,0,true,
CRC32_IEEE,100,0.000000,58,800,832,32,0,true,true,false,false,0,true,
CRC32_IEEE,100,0.000000,59,800,832,32,0,true,true,false,false,0,true,
CRC32_IEEE,100,0.000000,60,800,832,32,0,true,true,false,false,0,true,
CRC32_IEEE,100,0.000000,61,800,832,32,0,true,true,false,false,0,true,
CRC32_IEEE,100,0.000000,62,800,832,32,0,true,true,false,false,0,true,
CRC32_IEEE,100,0.000000,63,800,832,32,0,true,true,false,false,0,true,
CRC32_IEEE,100,0.000000,64,800,832,32,0,true,true,false,false,0,true,
CRC32_IEEE,100,0.000000,65,800,832,32,0,true,true,false,false,0,true,
CRC32_IEEE,100,0.000000,66,800,832,32,0,true,true,false,false,0,true,
CRC32_IEEE,100,0.000000,67,800,832,32,0,true,true,false,false,0,true,
CRC32_IEEE,100,0.000000,68,800,832,32,0,true,true,false,false,0,true,
CRC32_IEEE,100,0.000000,69,800,832,32,0,true,true,false,false,0,true,
CRC32_IEEE,100,0.000000,70,800,832,32,0,true,true,false,false,0,true,
CRC32_IEEE,100,0.000000,71,800,832,32,0,true,true,false,false,0,true,
CRC32_IEEE,100,0.000000,72,800,832,32,0,true,true,false,false,0,true,
CRC32_IEEE,100,0.000000,73,800,832,32,0,true,true,false,false,0,true,
CRC32_IEEE,100,0.000000,74,800,832,32,0,true,true,false,false,0,true,
CRC32_IEEE,100,0.000000,75,800,832,32,0,true,true,false,false,0,true,
CRC32_IEEE,100,0.000000,76,800,832,32,0,true,true,false,false,0,true,
CRC32_IEEE,100,0.000000,77,800,832,32,0,true,true,false,false,0,true,
CRC32_IEEE,100,0.000000,78,800,832,32,0,true,true,false,false,0,true,
CRC32_IEEE,100,0.000000,79,800,832,32,0,true,true,false,false,0,true,
CRC32_IEEE,100,0.000000,80,800,832,32,0,true,true,false,false,0,true,
CRC32_IEEE,100,0.000000,81,800,832,32,0,true,true,false,false,0,true,
CRC32_IEEE,100,0.000000,82,800,832,32,0,true,true,false,false,0,true,
CRC32_IEEE,100,0.000000,83,800,832,32,0,true,true,false,false,0,true,
CRC32_IEEE,100,0.000000,84,800,832,32,0,true,true,false,false,0,true,
CRC32_IEEE,100,0.000000,85,800,832,32,0,true,true,false,false,0,true,
CRC32_IEEE,100,0.000000,86,800,832,32,0,true,true,false,false,0,true,
CRC32_IEEE,100,0.000000,87,800,832,32,0,true,true,false,false,0,true,
CRC32_IEEE,100,0.000000,88,800,832,32,0,true,true,false,false,0,true,
CRC32_IEEE,100,0.000000,89,800,832,32,0,true,true,false,false,0,true,
CRC32_IEEE,100,0.000000,90,800,832,32,0,true,true,false,false,0,true,
CRC32_IEEE,100,0.000000,91,800,832,32,0,true,true,false,false,0,true,
CRC32_IEEE,100,0.000000,92,800,832,32,0,true,true,false,false,0,true,
CRC32_IEEE,100,0.000000,93,800,832,32,0,true,true,false,false,0,true,
CRC32_IEEE,100,0.000000,94,800,832,32,0,true,true,false,false,0,true,
CRC32_IEEE,100,0.000000,95,800,832,32,0,true,true,false,false,0,true,
CRC32_IEEE,100,0.000000,96,800,832,32,0,true,true,false,false,0,true,
CRC32_IEEE,100,0.000000,97,800,832,32,0,true,true,false,false,0,true,
CRC32_IEEE,100,0.000000,98,800,832,32,0,true,true,false,false,0,true,
CRC32_IEEE,100,0.000000,99,800,832,32,0,true,true,false,false,0,true,
CRC32_IEEE,100,0.000000,100,800,832,32,0,true,true,false,false,0,true,
CRC32_IEEE,100,0.001000,1,800,832,32,1,true,false,true,false,0,false,CRC mismatch
CRC32_IEEE,100,0.001000,2,800,832,32,0,true,true,false,false,0,true,
CRC32_IEEE,100,0.001000,3,800,832,32,1,true,false,true,false,0,false,CRC mismatch
CRC32_IEEE,100,0.001000,4,800,832,32,0,true,true,false,false,0,true,
CRC32_IEEE,100,0.001000,5,800,832,32,1,true,false,true,false,0,false,CRC mismatch
CRC32_IEEE,100,0.001000,6,800,832,32,2,true,false,true,false,0,false,CRC mismatch
CRC32_IEEE,100,0.001000,7,800,832,32,1,true,false,true,false,0,false,CRC mismatch
CRC32_IEEE,100,0.001000,8,800,832,32,1,true,false,true,false,0,false,CRC mismatch
CRC32_IEEE,100,0.001000,9,800,832,32,1,true,false,true,false,0,false,CRC mismatch
CRC32_IEEE,100,0.001000,10,800,832,32,1,true,false,true,false,0,false,CRC mismatch
CRC32_IEEE,100,0.001000,11,800,832,32,3,true,false,true,false,0,false,CRC mismatch
CRC32_IEEE,100,0.001000,12,800,832,32,1,true,false,true,false,0,false,CRC mismatch
CRC32_IEEE,100,0.001000,13,800,832,32,4,true,false,true,false,0,false,CRC mismatch
CRC32_IEEE,100,0.001000,14,800,832,32,0,true,true,false,false,0,true,
CRC32_IEEE,100,0.001000,15,800,832,32,1,true,false,true,false,0,false,CRC mismatch
CRC32_IEEE,100,0.001000,16,800,832,32,2,true,false,true,false,0,false,CRC mismatch
CRC32_IEEE,100,0.001000,17,800,832,32,0,true,true,false,false,0,true,
CRC32_IEEE,100,0.001000,18,800,832,32,1,true,false,true,false,0,false,CRC mismatch
CRC32_IEEE,100,0.001000,19,800,832,32,0,true,true,false,false,0,true,
CRC32_IEEE,100,0.001000,20,800,832,32,0,true,true,false,false,0,true,
CRC32_IEEE,100,0.001000,21,800,832,32,1,true,false,true,false,0,false,CRC mismatch
CRC32_IEEE,100,0.001000,22,800,832,32,0,true,true,false,false,0,true,
CRC32_IEEE,100,0.001000,23,800,832,32,0,true,true,false,false,0,true,
CRC32_IEEE,100,0.001000,24,800,832,32,2,true,false,true,false,0,false,CRC mismatch
CRC32_IEEE,100,0.001000,25,800,832,32,0,true,true,false,false,0,true,
CRC32_IEEE,100,0.001000,26,800,832,32,1,true,false,true,false,0,false,CRC mismatch
CRC32_IEEE,100,0.001000,27,800,832,32,0,true,true,false,false,0,true,
CRC32_IEEE,100,0.001000,28,800,832,32,0,true,true,false,false,0,true,
CRC32_IEEE,100,0.001000,29,800,832,32,1,true,false,true,false,0,false,CRC mismatch
CRC32_IEEE,100,0.001000,30,800,832,32,2,true,false,true,false,0,false,CRC mismatch
CRC32_IEEE,100,0.001000,31,800,832,32,2,true,false,true,false,0,false,CRC mismatch
CRC32_IEEE,100,0.001000,32,800,832,32,2,true,false,true,false,0,false,CRC mismatch
CRC32_IEEE,100,0.001000,33,800,832,32,2,true,false,true,false,0,false,CRC mismatch
CRC32_IEEE,100,0.001000,34,800,832,32,2,true,false,true,false,0,false,CRC mismatch
CRC32_IEEE,100,0.001000,35,800,832,32,0,true,true,false,false,0,true,
CRC32_IEEE,100,0.001000,36,800,832,32,1,true,false,true,false,0,false,CRC mismatch
CRC32_IEEE,100,0.001000,37,800,832,32,0,true,true,false,false,0,true,
CRC32_IEEE,100,0.001000,38,800,832,32,1,true,false,true,false,0,false,CRC mismatch
CRC32_IEEE,100,0.001000,39,800,832,32,1,true,false,true,false,0,false,CRC mismatch
CRC32_IEEE,100,0.001000,40,800,832,32,0,true,true,false,false,0,true,
CRC32_IEEE,100,0.001000,41,800,832,32,0,true,true,false,false,0,true,
CRC32_IEEE,100,0.001000,42,800,832,32,1,true,false,true,false,0,false,CRC mismatch
CRC32_IEEE,100,0.001000,43,800,832,32,0,true,true,false,false,0,true,
CRC32_IEEE,100,0.001000,44,800,832,32,3,true,false,true,false,0,false,CRC mismatch
CRC32_IEEE,100,0.001000,45,800,832,32,0,true,true,false,false,0,true,
CRC32_IEEE,100,0.001000,46,800,832,32,1,true,false,true,false,0,false,CRC mismatch
CRC32_IEEE,100,0.001000,47,800,832,32,1,true,false,true,false,0,false,CRC mismatch
CRC32_IEEE,100,0.001000,48,800,832,32,0,true,true,false,false,0,true,
CRC32_IEEE,100,0.001000,49,800,832,32,0,true,true,false,false,0,true,
CRC32_IEEE,100,0.001000,50,800,832,32,0,true,true,false,false,0,true,
CRC32_IEEE,100,0.001000,51,800,832,32,2,true,false,true,false,0,false,CRC mismatch
CRC32_IEEE,100,0.001000,52,800,832,32,0,true,true,false,false,0,true,
CRC32_IEEE,100,0.001000,53,800,832,32,1,true,false,true,false,0,false,CRC mismatch
CRC32_IEEE,100,0.001000,54,800,832,32,1,true,false,true,false,0,false,CRC mismatch
CRC32_IEEE,100,0.001000,55,800,832,32,0,true,true,false,false,0,true,
CRC32_IEEE,100,0.001000,56,800,832,32,0,true,true,false,false,0,true,
CRC32_IEEE,100,0.001000,57,800,832,32,0,true,true,false,false,0,true,
CRC32_IEEE,100,0.001000,58,800,832,32,1,true,false,true,false,0,false,CRC mismatch
CRC32_IEEE,100,0.001000,59,800,832,32,2,true,false,true,false,0,false,CRC mismatch
CRC32_IEEE,100,0.001000,60,800,832,32,2,true,false,true,false,0,false,CRC mismatch
CRC32_IEEE,100,0.001000,61,800,832,32,2,true,false,true,false,0,false,CRC mismatch
CRC32_IEEE,100,0.001000,62,800,832,32,2,true,false,true,false,0,false,CRC mismatch
CRC32_IEEE,100,0.001000,63,800,832,32,1,true,false,true,false,0,false,CRC mismatch
CRC32_IEEE,100,0.001000,64,800,832,32,1,true,false,true,false,0,false,CRC mismatch
CRC32_IEEE,100,0.001000,65,800,832,32,0,true,true,false,false,0,true,
CRC32_IEEE,100,0.001000,66,800,832,32,1,true,false,true,false,0,false,CRC mismatch
CRC32_IEEE,100,0.001000,67,800,832,32,0,true,true,false,false,0,true,
CRC32_IEEE,100,0.001000,68,800,832,32,1,true,false,true,false,0,false,CRC mismatch
CRC32_IEEE,100,0.001000,69,800,832,32,0,true,true,false,false,0,true,
CRC32_IEEE,100,0.001000,70,800,832,32,0,true,true,false,false,0,true,
CRC32_IEEE,100,0.001000,71,800,832,32,0,true,true,false,false,0,true,
CRC32_IEEE,100,0.001000,72,800,832,32,1,true,false,true,false,0,false,CRC mismatch
CRC32_IEEE,100,0.001000,73,800,832,32,1,true,false,true,false,0,false,CRC mismatch
CRC32_IEEE,100,0.001000,74,800,832,32,0,true,true,false,false,0,true,
CRC32_IEEE,100,0.001000,75,800,832,32,1,true,false,true,false,0,false,CRC mismatch
CRC32_IEEE,100,0.001000,76,800,832,32,0,true,true,false,false,0,true,
CRC32_IEEE,100,0.001000,77,800,832,32,0,true,true,false,false,0,true,
CRC32_IEEE,100,0.001000,78,800,832,32,1,true,false,true,false,0,false,CRC mismatch
CRC32_IEEE,100,0.001000,79,800,832,32,0,true,true,false,false,0,true,
CRC32_IEEE,100,0.001000,80,800,832,32,1,true,false,true,false,0,false,CRC mismatch
CRC32_IEEE,100,0.001000,81,800,832,32,2,true,false,true,false,0,false,CRC mismatch
CRC32_IEEE,100,0.001000,82,800,832,32,3,true,false,true,false,0,false,CRC mismatch
CRC32_IEEE,100,0.001000,83,800,832,32,2,true,false,true,false,0,false,CRC mismatch
CRC32_IEEE,100,0.001000,84,800,832,32,1,true,false,true,false,0,false,CRC mismatch
CRC32_IEEE,100,0.001000,85,800,832,32,0,true,true,false,false,0,true,
CRC32_IEEE,100,0.001000,86,800,832,32,2,true,false,true,false,0,false,CRC mismatch
CRC32_IEEE,100,0.001000,87,800,832,32,1,true,false,true,false,0,false,CRC mismatch
CRC32_IEEE,100,0.001000,88,800,832,32,0,true,true,false,false,0,true,
CRC32_IEEE,100,0.001000,89,800,832,32,1,true,false,true,false,0,false,CRC mismatch
CRC32_IEEE,100,0.001000,90,800,832,32,0,true,true,false,false,0,true,
CRC32_IEEE,100,0.001000,91,800,832,32,1,true,false,true,false,0,false,CRC mismatch
CRC32_IEEE,100,0.001000,92,800,832,32,0,true,true,false,false,0,true,
CRC32_IEEE,100,0.001000,93,800,832,32,1,true,false,true,false,0,false,CRC mismatch
CRC32_IEEE,100,0.001000,94,800,832,32,1,true,false,true,false,0,false,CRC mismatch
CRC32_IEEE,100,0.001000,95,800,832,32,2,true,false,true,false,0,false,CRC mismatch
CRC32_IEEE,100,0.001000,96,800,832,32,1,true,false,true,false,0,false,CRC mismatch
CRC32_IEEE,100,0.001000,97,800,832,32,0,true,true,false,false,0,true,
CRC32_IEEE,100,0.001000,98,800,832,32,0,true,true,false,false,0,true,
CRC32_IEEE,100,0.001000,99,800,832,32,2,true,false,true,false,0,false,CRC mismatch
CRC32_IEEE,100,0.001000,100,800,832,32,1,true,false,true,false,0,false,CRC mismatch
CRC32_IEEE,100,0.010000,1,800,832,32,14,true,false,true,false,0,false,CRC mismatch
CRC32_IEEE,100,0.010000,2,800,832,32,10,true,false,true,false,0,false,CRC mismatch
CRC32_IEEE,100,0.010000,3,800,832,32,11,true,false,true,false,0,false,CRC mismatch
CRC32_IEEE,100,0.010000,4,800,832,32,5,true,false,true,false,0,false,CRC mismatch
CRC32_IEEE,100,0.010000,5,800,832,32,8,true,false,true,false,0,false,CRC mismatch
CRC32_IEEE,100,0.010000,6,800,832,32,9,true,false,true,false,0,false,CRC mismatch
CRC32_IEEE,100,0.010000,7,800,832,32,13,true,false,true,false,0,false,CRC mismatch
CRC32_IEEE,100,0.010000,8,800,832,32,9,true,false,true,false,0,false,CRC mismatch
CRC32_IEEE,100,0.010000,9,800,832,32,7,true,false,true,false,0,false,CRC mismatch
CRC32_IEEE,100,0.010000,10,800,832,32,4,true,false,true,false,0,false,CRC mismatch
CRC32_IEEE,100,0.010000,11,800,832,32,10,true,false,true,false,0,false,CRC mismatch
CRC32_IEEE,100,0.010000,12,800,832,32,5,true,false,true,false,0,false,CRC mismatch
CRC32_IEEE,100,0.010000,13,800,832,32,16,true,false,true,false,0,false,CRC mismatch
CRC32_IEEE,100,0.010000,14,800,832,32,5,true,false,true,false,0,false,CRC mismatch
CRC32_IEEE,100,0.010000,15,800,832,32,13,true,false,true,false,0,false,CRC mismatch
CRC32_IEEE,100,0.010000,16,800,832,32,6,true,false,true,false,0,false,CRC mismatch
CRC32_IEEE,100,0.010000,17,800,832,32,6,true,false,true,false,0,false,CRC mismatch
CRC32_IEEE,100,0.010000,18,800,832,32,5,true,false,true,false,0,false,CRC mismatch
CRC32_IEEE,100,0.010000,19,800,832,32,7,true,false,true,false,0,false,CRC mismatch
CRC32_IEEE,100,0.010000,20,800,832,32,6,true,false,true,false,0,false,CRC mismatch
CRC32_IEEE,100,0.010000,21,800,832,32,6,true,false,true,false,0,false,CRC mismatch
CRC32_IEEE,100,0.010000,22,800,832,32,11,true,false,true,false,0,false,CRC mismatch
CRC32_IEEE,100,0.010000,23,800,832,32,11,true,false,true,false,0,false,CRC mismatch
CRC32_IEEE,100,0.010000,24,800,832,32,6,true,false,true,false,0,false,CRC mismatch
CRC32_IEEE,100,0.010000,25,800,832,32,8,true,false,true,false,0,false,CRC mismatch
CRC32_IEEE,100,0.010000,26,800,832,32,6,true,false,true,false,0,false,CRC mismatch
CRC32_IEEE,100,0.010000,27,800,832,32,11,true,false,true,false,0,false,CRC mismatch
CRC32_IEEE,100,0.010000,28,800,832,32,4,true,false,true,false,0,false,CRC mismatch
CRC32_IEEE,100,0.010000,29,800,832,32,10,true,false,true,false,0,false,CRC mismatch
CRC32_IEEE,100,0.010000,30,800,832,32,10,true,false,true,false,0,false,CRC mismatch
CRC32_IEEE,100,0.010000,31,800,832,32,6,true,false,true,false,0,false,CRC mismatch
CRC32_IEEE,100,0.010000,32,800,832,32,4,true,false,true,false,0,false,CRC mismatch
CRC32_IEEE,100,0.010000,33,800,832,32,9,true,false,true,false,0,false,CRC mismatch
CRC32_IEEE,100,0.010000,34,800,832,32,6,true,false,true,false,0,false,CRC mismatch
CRC32_IEEE,100,0.010000,35,800,832,32,9,true,false,true,false,0,false,CRC mismatch
CRC32_IEEE,100,0.010000,36,800,832,32,8,true,false,true,false,0,false,CRC mismatch
CRC32_IEEE,100,0.010000,37,800,832,32,5,true,false,true,false,0,false,CRC mismatch
CRC32_IEEE,100,0.010000,38,800,832,32,7,true,false,true,false,0,false,CRC mismatch
CRC32_IEEE,100,0.010000,39,800,832,32,4,true,false,true,false,0,false,CRC mismatch
CRC32_IEEE,100,0.010000,40,800,832,32,9,true,false,true,false,0,false,CRC mismatch
CRC32_IEEE,100,0.010000,41,800,832,32,6,true,false,true,false,0,false,CRC mismatch
CRC32_IEEE,100,0.010000,42,800,832,32,14,true,false,true,false,0,false,CRC mismatch
CRC32_IEEE,100,0.010000,43,800,832,32,11,true,false,true,false,0,false,CRC mismatch
CRC32_IEEE,100,0.010000,44,800,832,32,9,true,false,true,false,0,false,CRC mismatch
CRC32_IEEE,100,0.010000,45,800,832,32,9,true,false,true,false,0,false,CRC mismatch
CRC32_IEEE,100,0.010000,46,800,832,32,8,true,false,true,false,0,false,CRC mismatch
CRC32_IEEE,100,0.010000,47,800,832,32,10,true,false,true,false,0,false,CRC mismatch
CRC32_IEEE,100,0.010000,48,800,832,32,6,true,false,true,false,0,false,CRC mismatch
CRC32_IEEE,100,0.010000,49,800,832,32,10,true,false,true,false,0,false,CRC mismatch
CRC32_IEEE,100,0.010000,50,800,832,32,7,true,false,true,false,0,false,CRC mismatch
CRC32_IEEE,100,0.010000,51,800,832,32,4,true,false,true,false,0,false,CRC mismatch
CRC32_IEEE,100,0.010000,52,800,832,32,4,true,false,true,false,0,false,CRC mismatch
CRC32_IEEE,100,0.010000,53,800,832,32,7,true,false,true,false,0,false,CRC mismatch
CRC32_IEEE,100,0.010000,54,800,832,32,8,true,false,true,false,0,false,CRC mismatch
CRC32_IEEE,100,0.010000,55,800,832,32,9,true,false,true,false,0,false,CRC mismatch
CRC32_IEEE,100,0.010000,56,800,832,32,13,true,false,true,false,0,false,CRC mismatch
CRC32_IEEE,100,0.010000,57,800,832,32,6,true,false,true,false,0,false,CRC mismatch
CRC32_IEEE,100,0.010000,58,800,832,32,11,true,false,true,false,0,false,CRC mismatch
CRC32_IEEE,100,0.010000,59,800,832,32,6,true,false,true,false,0,false,CRC mismatch
CRC32_IEEE,100,0.010000,60,800,832,32,6,true,false,true,false,0,false,CRC mismatch
CRC32_IEEE,100,0.010000,61,800,832,32,8,true,false,true,false,0,false,CRC mismatch
CRC32_IEEE,100,0.010000,62,800,832,32,12,true,false,true,false,0,false,CRC mismatch
CRC32_IEEE,100,0.010000,63,800,832,32,6,true,false,true,false,0,false,CRC mismatch
CRC32_IEEE,100,0.010000,64,800,832,32,8,true,false,true,false,0,false,CRC mismatch
CRC32_IEEE,100,0.010000,65,800,832,32,8,true,false,true,false,0,false,CRC mismatch
CRC32_IEEE,100,0.010000,66,800,832,32,7,true,false,true,false,0,false,CRC mismatch
CRC32_IEEE,100,0.010000,67,800,832,32,10,true,false,true,false,0,false,CRC mismatch
CRC32_IEEE,100,0.010000,68,800,832,32,10,true,false,true,false,0,false,CRC mismatch
CRC32_IEEE,100,0.010000,69,800,832,32,13,true,false,true,false,0,false,CRC mismatch
CRC32_IEEE,100,0.010000,70,800,832,32,7,true,false,true,false,0,false,CRC mismatch
CRC32_IEEE,100,0.010000,71,800,832,32,13,true,false,true,false,0,false,CRC mismatch
CRC32_IEEE,100,0.010000,72,800,832,32,9,true,false,true,false,0,false,CRC mismatch
CRC32_IEEE,100,0.010000,73,800,832,32,10,true,false,true,false,0,false,CRC mismatch
CRC32_IEEE,100,0.010000,74,800,832,32,9,true,false,true,false,0,false,CRC mismatch
CRC32_IEEE,100,0.010000,75,800,832,32,14,true,false,true,false,0,false,CRC mismatch
CRC32_IEEE,100,0.010000,76,800,832,32,10,true,false,true,false,0,false,CRC mismatch
CRC32_IEEE,100,0.010000,77,800,832,32,11,true,false,true,false,0,false,CRC mismatch
CRC32_IEEE,100,0.010000,78,800,832,32,4,true,false,true,false,0,false,CRC mismatch
CRC32_IEEE,100,0.010000,79,800,832,32,14,true,false,true,false,0,false,CRC mismatch
CRC32_IEEE,100,0.010000,80,800,832,32,10,true,false,true,false,0,false,CRC mismatch
CRC32_IEEE,100,0.010000,81,800,832,32,9,true,false,true,false,0,false,CRC mismatch
CRC32_IEEE,100,0.010000,82,800,832,32,2,true,false,true,false,0,false,CRC mismatch
CRC32_IEEE,100,0.010000,83,800,832,32,6,true,false,true,false,0,false,CRC mismatch
CRC32_IEEE,100,0.010000,84,800,832,32,6,true,false,true,false,0,false,CRC mismatch
CRC32_IEEE,100,0.010000,85,800,832,32,11,true,false,true,false,0,false,CRC mismatch
CRC32_IEEE,100,0.010000,86,800,832,32,8,true,false,true,false,0,false,CRC mismatch
CRC32_IEEE,100,0.010000,87,800,832,32,10,true,false,true,false,0,false,CRC mismatch
CRC32_IEEE,100,0.010000,88,800,832,32,14,true,false,true,false,0,false,CRC mismatch
CRC32_IEEE,100,0.010000,89,800,832,32,12,true,false,true,false,0,false,CRC mismatch
CRC32_IEEE,100,0.010000,90,800,832,32,11,true,false,true,false,0,false,CRC mismatch
CRC32_IEEE,100,0.010000,91,800,832,32,9,true,false,true,false,0,false,CRC mismatch
CRC32_IEEE,100,0.010000,92,800,832,32,3,true,false,true,false,0,false,CRC mismatch
CRC32_IEEE,100,0.010000,93,800,832,32,6,true,false,true,false,0,false,CRC mismatch
CRC32_IEEE,100,0.010000,94,800,832,32,6,true,false,true,false,0,false,CRC mismatch
CRC32_IEEE,100,0.010000,95,800,832,32,3,true,false,true,false,0,false,CRC mismatch
CRC32_IEEE,100,0.010000,96,800,832,32,6,true,false,true,false,0,false,CRC mismatch
CRC32_IEEE,100,0.010000,97,800,832,32,8,true,false,true,false,0,false,CRC mismatch
CRC32_IEEE,100,0.010000,98,800,832,32,11,true,false,true,false,0,false,CRC mismatch
CRC32_IEEE,100,0.010000,99,800,832,32,4,true,false,true,false,0,false,CRC mismatch
CRC32_IEEE,100,0.010000,100,800,832,32,4,true,false,true,false,0,false,CRC mismatch
CRC32_IEEE,100,0.050000,1,800,832,32,47,true,false,true,false,0,false,CRC mismatch
CRC32_IEEE,100,0.050000,2,800,832,32,37,true,false,true,false,0,false,CRC mismatch
CRC32_IEEE,100,0.050000,3,800,832,32,38,true,false,true,false,0,false,CRC mismatch
CRC32_IEEE,100,0.050000,4,800,832,32,62,true,false,true,false,0,false,CRC mismatch
CRC32_IEEE,100,0.050000,5,800,832,32,50,true,false,true,false,0,false,CRC mismatch
CRC32_IEEE,100,0.050000,6,800,832,32,44,true,false,true,false,0,false,CRC mismatch
CRC32_IEEE,100,0.050000,7,800,832,32,38,true,false,true,false,0,false,CRC mismatch
CRC32_IEEE,100,0.050000,8,800,832,32,41,true,false,true,false,0,false,CRC mismatch
CRC32_IEEE,100,0.050000,9,800,832,32,40,true,false,true,false,0,false,CRC mismatch
CRC32_IEEE,100,0.050000,10,800,832,32,47,true,false,true,false,0,false,CRC mismatch
CRC32_IEEE,100,0.050000,11,800,832,32,38,true,false,true,false,0,false,CRC mismatch
CRC32_IEEE,100,0.050000,12,800,832,32,36,true,false,true,false,0,false,CRC mismatch
CRC32_IEEE,100,0.050000,13,800,832,32,40,true,false,true,false,0,false,CRC mismatch
CRC32_IEEE,100,0.050000,14,800,832,32,39,true,false,true,false,0,false,CRC mismatch
CRC32_IEEE,100,0.050000,15,800,832,32,37,true,false,true,false,0,false,CRC mismatch
CRC32_IEEE,100,0.050000,16,800,832,32,36,true,false,true,false,0,false,CRC mismatch
CRC32_IEEE,100,0.050000,17,800,832,32,45,true,false,true,false,0,false,CRC mismatch
CRC32_IEEE,100,0.050000,18,800,832,32,38,true,false,true,false,0,false,CRC mismatch
CRC32_IEEE,100,0.050000,19,800,832,32,38,true,false,true,false,0,false,CRC mismatch
CRC32_IEEE,100,0.050000,20,800,832,32,43,true,false,true,false,0,false,CRC mismatch
CRC32_IEEE,100,0.050000,21,800,832,32,53,true,false,true,false,0,false,CRC mismatch
CRC32_IEEE,100,0.050000,22,800,832,32,43,true,false,true,false,0,false,CRC mismatch
CRC32_IEEE,100,0.050000,23,800,832,32,46,true,false,true,false,0,false,CRC mismatch
CRC32_IEEE,100,0.050000,24,800,832,32,36,true,false,true,false,0,false,CRC mismatch
CRC32_IEEE,100,0.050000,25,800,832,32,38,true,false,true,false,0,false,CRC mismatch
CRC32_IEEE,100,0.050000,26,800,832,32,41,true,false,true,false,0,false,CRC mismatch
CRC32_IEEE,100,0.050000,27,800,832,32,36,true,false,true,false,0,false,CRC mismatch
CRC32_IEEE,100,0.050000,28,800,832,32,33,true,false,true,false,0,false,CRC mismatch
CRC32_IEEE,100,0.050000,29,800,832,32,41,true,false,true,false,0,false,CRC mismatch
CRC32_IEEE,100,0.050000,30,800,832,32,42,true,false,true,false,0,false,CRC mismatch
CRC32_IEEE,100,0.050000,31,800,832,32,41,true,false,true,false,0,false,CRC mismatch
CRC32_IEEE,100,0.050000,32,800,832,32,41,true,false,true,false,0,false,CRC mismatch
CRC32_IEEE,100,0.050000,33,800,832,32,40,true,false,true,false,0,false,CRC mismatch
CRC32_IEEE,100,0.050000,34,800,832,32,42,true,false,true,false,0,false,CRC mismatch
CRC32_IEEE,100,0.050000,35,800,832,32,40,true,false,true,false,0,false,CRC mismatch
CRC32_IEEE,100,0.050000,36,800,832,32,35,true,false,true,false,0,false,CRC mismatch
CRC32_IEEE,100,0.050000,37,800,832,32,43,true,false,true,false,0,false,CRC mismatch
CRC32_IEEE,100,0.050000,38,800,832,32,48,true,false,true,false,0,false,CRC mismatch
CRC32_IEEE,100,0.050000,39,800,832,32,44,true,false,true,false,0,false,CRC mismatch
CRC32_IEEE,100,0.050000,40,800,832,32,41,true,false,true,false,0,false,CRC mismatch
CRC32_IEEE,100,0.050000,41,800,832,32,35,true,false,true,false,0,false,CRC mismatch
CRC32_IEEE,100,0.050000,42,800,832,32,38,true,false,true,false,0,false,CRC mismatch
CRC32_IEEE,100,0.050000,43,800,832,32,42,true,false,true,false,0,false,CRC mismatch
CRC32_IEEE,100,0.050000,44,800,832,32,29,true,false,true,false,0,false,CRC mismatch
CRC32_IEEE,100,0.050000,45,800,832,32,37,true,false,true,false,0,false,CRC mismatch
CRC32_IEEE,100,0.050000,46,800,832,32,50,true,false,true,false,0,false,CRC mismatch
CRC32_IEEE,100,0.050000,47,800,832,32,33,true,false,true,false,0,false,CRC mismatch
CRC32_IEEE,100,0.050000,48,800,832,32,47,true,false,true,false,0,false,CRC mismatch
CRC32_IEEE,100,0.050000,49,800,832,32,44,true,false,true,false,0,false,CRC mismatch
CRC32_IEEE,100,0.050000,50,800,832,32,36,true,false,true,false,0,false,CRC mismatch
CRC32_IEEE,100,0.050000,51,800,832,32,45,true,false,true,false,0,false,CRC mismatch
CRC32_IEEE,100,0.050000,52,800,832,32,45,true,false,true,false,0,false,CRC mismatch
CRC32_IEEE,100,0.050000,53,800,832,32,47,true,false,true,false,0,false,CRC mismatch
CRC32_IEEE,100,0.050000,54,800,832,32,45,true,false,true,false,0,false,CRC mismatch
CRC32_IEEE,100,0.050000,55,800,832,32,36,true,false,true,false,0,false,CRC mismatch
CRC32_IEEE,100,0.050000,56,800,832,32,42,true,false,true,false,0,false,CRC mismatch
CRC32_IEEE,100,0.050000,57,800,832,32,43,true,false,true,false,0,false,CRC mismatch
CRC32_IEEE,100,0.050000,58,800,832,32,39,true,false,true,false,0,false,CRC mismatch
CRC32_IEEE,100,0.050000,59,800,832,32,41,true,false,true,false,0,false,CRC mismatch
CRC32_IEEE,100,0.050000,60,800,832,32,35,true,false,true,false,0,false,CRC mismatch
CRC32_IEEE,100,0.050000,61,800,832,32,40,true,false,true,false,0,false,CRC mismatch
CRC32_IEEE,100,0.050000,62,800,832,32,54,true,false,true,false,0,false,CRC mismatch
CRC32_IEEE,100,0.050000,63,800,832,32,32,true,false,true,false,0,false,CRC mismatch
CRC32_IEEE,100,0.050000,64,800,832,32,45,true,false,true,false,0,false,CRC mismatch
CRC32_IEEE,100,0.050000,65,800,832,32,43,true,false,true,false,0,false,CRC mismatch
CRC32_IEEE,100,0.050000,66,800,832,32,38,true,false,true,false,0,false,CRC mismatch
CRC32_IEEE,100,0.050000,67,800,832,32,48,true,false,true,false,0,false,CRC mismatch
CRC32_IEEE,100,0.050000,68,800,832,32,39,true,false,true,false,0,false,CRC mismatch
CRC32_IEEE,100,0.050000,69,800,832,32,60,true,false,true,false,0,false,CRC mismatch
CRC32_IEEE,100,0.050000,70,800,832,32,48,true,false,true,false,0,false,CRC mismatch
CRC32_IEEE,100,0.050000,71,800,832,32,40,true,false,true,false,0,false,CRC mismatch
CRC32_IEEE,100,0.050000,72,800,832,32,47,true,false,true,false,0,false,CRC mismatch
CRC32_IEEE,100,0.050000,73,800,832,32,47,true,false,true,false,0,false,CRC mismatch
CRC32_IEEE,100,0.050000,74,800,832,32,42,true,false,true,false,0,false,CRC mismatch
CRC32_IEEE,100,0.050000,75,800,832,32,45,true,false,true,false,0,false,CRC mismatch
CRC32_IEEE,100,0.050000,76,800,832,32,40,true,false,true,false,0,false,CRC mismatch
CRC32_IEEE,100,0.050000,77,800,832,32,50,true,false,true,false,0,false,CRC mismatch
CRC32_IEEE,100,0.050000,78,800,832,32,39,true,false,true,false,0,false,CRC mismatch
CRC32_IEEE,100,0.050000,79,800,832,32,44,true,false,true,false,0,false,CRC mismatch
CRC32_IEEE,100,0.050000,80,800,832,32,51,true,false,true,false,0,false,CRC mismatch
CRC32_IEEE,100,0.050000,81,800,832,32,36,true,false,true,false,0,false,CRC mismatch
CRC32_IEEE,100,0.050000,82,800,832,32,43,true,false,true,false,0,false,CRC mismatch
CRC32_IEEE,100,0.050000,83,800,832,32,39,true,false,true,false,0,false,CRC mismatch
CRC32_IEEE,100,0.050000,84,800,832,32,42,true,false,true,false,0,false,CRC mismatch
CRC32_IEEE,100,0.050000,85,800,832,32,36,true,false,true,false,0,false,CRC mismatch
CRC32_IEEE,100,0.050000,86,800,832,32,45,true,false,true,false,0,false,CRC mismatch
CRC32_IEEE,100,0.050000,87,800,832,32,33,true,false,true,false,0,false,CRC mismatch
CRC32_IEEE,100,0.050000,88,800,832,32,38,true,false,true,false,0,false,CRC mismatch
CRC32_IEEE,100,0.050000,89,800,832,32,44,true,false,true,false,0,false,CRC mismatch
CRC32_IEEE,100,0.050000,90,800,832,32,46,true,false,true,false,0,false,CRC mismatch
CRC32_IEEE,100,0.050000,91,800,832,32,39,true,false,true,false,0,false,CRC mismatch
CRC32_IEEE,100,0.050000,92,800,832,32,51,true,false,true,false,0,false,CRC mismatch
CRC32_IEEE,100,0.050000,93,800,832,32,43,true,false,true,false,0,false,CRC mismatch
CRC32_IEEE,100,0.050000,94,800,832,32,40,true,false,true,false,0,false,CRC mismatch
CRC32_IEEE,100,0.050000,95,800,832,32,43,true,false,true,false,0,false,CRC mismatch
CRC32_IEEE,100,0.050000,96,800,832,32,35,true,false,true,false,0,false,CRC mismatch
CRC32_IEEE,100,0.050000,97,800,832,32,43,true,false,true,false,0,false,CRC mismatch
CRC32_IEEE,100,0.050000,98,800,832,32,38,true,false,true,false,0,false,CRC mismatch
CRC32_IEEE,100,0.050000,99,800,832,32,51,true,false,true,false,0,false,CRC mismatch
CRC32_IEEE,100,0.050000,100,800,832,32,39,true,false,true,false,0,false,CRC mismatch
CRC32_IEEE,1000,0.000000,1,8000,8032,32,0,true,true,false,false,0,true,
CRC32_IEEE,1000,0.000000,2,8000,8032,32,0,true,true,false,false,0,true,
CRC32_IEEE,1000,0.000000,3,8000,8032,32,0,true,true,false,false,0,true,
CRC32_IEEE,1000,0.000000,4,8000,8032,32,0,true,true,false,false,0,true,
CRC32_IEEE,1000,0.000000,5,8000,8032,32,0,true,true,false,false,0,true,
CRC32_IEEE,1000,0.000000,6,8000,8032,32,0,true,true,false,false,0,true,
CRC32_IEEE,1000,0.000000,7,8000,8032,32,0,true,true,false,false,0,true,
CRC32_IEEE,1000,0.000000,8,8000,8032,32,0,true,true,false,false,0,true,
CRC32_IEEE,1000,0.000000,9,8000,8032,32,0,true,true,false,false,0,true,
CRC32_IEEE,1000,0.000000,10,8000,8032,32,0,true,true,false,false,0,true,
CRC32_IEEE,1000,0.000000,11,8000,8032,32,0,true,true,false,false,0,true,
CRC32_IEEE,1000,0.000000,12,8000,8032,32,0,true,true,false,false,0,true,
CRC32_IEEE,1000,0.000000,13,8000,8032,32,0,true,true,false,false,0,true,
CRC32_IEEE,1000,0.000000,14,8000,8032,32,0,true,true,false,false,0,true,
CRC32_IEEE,1000,0.000000,15,8000,8032,32,0,true,true,false,false,0,true,
CRC32_IEEE,1000,0.000000,16,8000,8032,32,0,true,true,false,false,0,true,
CRC32_IEEE,1000,0.000000,17,8000,8032,32,0,true,true,false,false,0,true,
CRC32_IEEE,1000,0.000000,18,8000,8032,32,0,true,true,false,false,0,true,
CRC32_IEEE,1000,0.000000,19,8000,8032,32,0,true,true,false,false,0,true,
CRC32_IEEE,1000,0.000000,20,8000,8032,32,0,true,true,false,false,0,true,
CRC32_IEEE,1000,0.000000,21,8000,8032,32,0,true,true,false,false,0,true,
CRC32_IEEE,1000,0.000000,22,8000,8032,32,0,true,true,false,false,0,true,
CRC32_IEEE,1000,0.000000,23,8000,8032,32,0,true,true,false,false,0,true,
CRC32_IEEE,1000,0.000000,24,8000,8032,32,0,true,true,false,false,0,true,
CRC32_IEEE,1000,0.000000,25,8000,8032,32,0,true,true,false,false,0,true,
CRC32_IEEE,1000,0.000000,26,8000,8032,32,0,true,true,false,false,0,true,
CRC32_IEEE,1000,0.000000,27,8000,8032,32,0,true,true,false,false,0,true,
CRC32_IEEE,1000,0.000000,28,8000,8032,32,0,true,true,false,false,0,true,
CRC32_IEEE,1000,0.000000,29,8000,8032,32,0,true,true,false,false,0,true,
CRC32_IEEE,1000,0.000000,30,8000,8032,32,0,true,true,false,false,0,true,
CRC32_IEEE,1000,0.000000,31,8000,8032,32,0,true,true,false,false,0,true,
CRC32_IEEE,1000,0.000000,32,8000,8032,32,0,true,true,false,false,0,true,
CRC32_IEEE,1000,0.000000,33,8000,8032,32,0,true,true,false,false,0,true,
CRC32_IEEE,1000,0.000000,34,8000,8032,32,0,true,true,false,false,0,true,
CRC32_IEEE,1000,0.000000,35,8000,8032,32,0,true,true,false,false,0,true,
CRC32_IEEE,1000,0.000000,36,8000,8032,32,0,true,true,false,false,0,true,
CRC32_IEEE,1000,0.000000,37,8000,8032,32,0,true,true,false,false,0,true,
CRC32_IEEE,1000,0.000000,38,8000,8032,32,0,true,true,false,false,0,true,
CRC32_IEEE,1000,0.000000,39,8000,8032,32,0,true,true,false,false,0,true,
CRC32_IEEE,1000,0.000000,40,8000,8032,32,0,true,true,false,false,0,true,
CRC32_IEEE,1000,0.000000,41,8000,8032,32,0,true,true,false,false,0,true,
CRC32_IEEE,1000,0.000000,42,8000,8032,32,0,true,true,false,false,0,true,
CRC32_IEEE,1000,0.000000,43,8000,8032,32,0,true,true,false,false,0,true,
CRC32_IEEE,1000,0.000000,44,8000,8032,32,0,true,true,false,false,0,true,
CRC32_IEEE,1000,0.000000,45,8000,8032,32,0,true,true,false,false,0,true,
CRC32_IEEE,1000,0.000000,46,8000,8032,32,0,true,true,false,false,0,true,
CRC32_IEEE,1000,0.000000,47,8000,8032,32,0,true,true,false,false,0,true,
CRC32_IEEE,1000,0.000000,48,8000,8032,32,0,true,true,false,false,0,true,
CRC32_IEEE,1000,0.000000,49,8000,8032,32,0,true,true,false,false,0,true,
CRC32_IEEE,1000,0.000000,50,8000,8032,32,0,true,true,false,false,0,true,
CRC32_IEEE,1000,0.000000,51,8000,8032,32,0,true,true,false,false,0,true,
CRC32_IEEE,1000,0.000000,52,8000,8032,32,0,true,true,false,false,0,true,
CRC32_IEEE,1000,0.000000,53,8000,8032,32,0,true,true,false,false,0,true,
CRC32_IEEE,1000,0.000000,54,8000,8032,32,0,true,true,false,false,0,true,
CRC32_IEEE,1000,0.000000,55,8000,8032,32,0,true,true,false,false,0,true,
CRC32_IEEE,1000,0.000000,56,8000,8032,32,0,true,true,false,false,0,true,
CRC32_IEEE,1000,0.000000,57,8000,8032,32,0,true,true,false,false,0,true,
CRC32_IEEE,1000,0.000000,58,8000,8032,32,0,true,true,false,false,0,true,
CRC32_IEEE,1000,0.000000,59,8000,8032,32,0,true,true,false,false,0,true,
CRC32_IEEE,1000,0.000000,60,8000,8032,32,0,true,true,false,false,0,true,
CRC32_IEEE,1000,0.000000,61,8000,8032,32,0,true,true,false,false,0,true,
CRC32_IEEE,1000,0.000000,62,8000,8032,32,0,true,true,false,false,0,true,
CRC32_IEEE,1000,0.000000,63,8000,8032,32,0,true,true,false,false,0,true,
CRC32_IEEE,1000,0.000000,64,8000,8032,32,0,true,true,false,false,0,true,
CRC32_IEEE,1000,0.000000,65,8000,8032,32,0,true,true,false,false,0,true,
CRC32_IEEE,1000,0.000000,66,8000,8032,32,0,true,true,false,false,0,true,
CRC32_IEEE,1000,0.000000,67,8000,8032,32,0,true,true,false,false,0,true,
CRC32_IEEE,1000,0.000000,68,8000,8032,32,0,true,true,false,false,0,true,
CRC32_IEEE,1000,0.000000,69,8000,8032,32,0,true,true,false,false,0,true,
CRC32_IEEE,1000,0.000000,70,8000,8032,32,0,true,true,false,false,0,true,
CRC32_IEEE,1000,0.000000,71,8000,8032,32,0,true,true,false,false,0,true,
CRC32_IEEE,1000,0.000000,72,8000,8032,32,0,true,true,false,false,0,true,
CRC32_IEEE,1000,0.000000,73,8000,8032,32,0,true,true,false,false,0,true,
CRC32_IEEE,1000,0.000000,74,8000,8032,32,0,true,true,false,false,0,true,
CRC32_IEEE,1000,0.000000,75,8000,8032,32,0,true,true,false,false,0,true,
CRC32_IEEE,1000,0.000000,76,8000,8032,32,0,true,true,false,false,0,true,
CRC32_IEEE,1000,0.000000,77,8000,8032,32,0,true,true,false,false,0,true,
CRC32_IEEE,1000,0.000000,78,8000,8032,32,0,true,true,false,false,0,true,
CRC32_IEEE,1000,0.000000,79,8000,8032,32,0,true,true,false,false,0,true,
CRC32_IEEE,1000,0.000000,80,8000,8032,32,0,true,true,false,false,0,true,
CRC32_IEEE,1000,0.000000,81,8000,8032,32,0,true,true,false,false,0,true,
CRC32_IEEE,1000,0.000000,82,8000,8032,32,0,true,true,false,false,0,true,
CRC32_IEEE,1000,0.000000,83,8000,8032,32,0,true,true,false,false,0,true,
CRC32_IEEE,1000,0.000000,84,8000,8032,32,0,true,true,false,false,0,true,
CRC32_IEEE,1000,0.000000,85,8000,8032,32,0,true,true,false,false,0,true,
CRC32_IEEE,1000,0.000000,86,8000,8032,32,0,true,true,false,false,0,true,
CRC32_IEEE,1000,0.000000,87,8000,8032,32,0,true,true,false,false,0,true,
CRC32_IEEE,1000,0.000000,88,8000,8032,32,0,true,true,false,false,0,true,
CRC32_IEEE,1000,0.000000,89,8000,8032,32,0,true,true,false,false,0,true,
CRC32_IEEE,1000,0.000000,90,8000,8032,32,0,true,true,false,false,0,true,
CRC32_IEEE,1000,0.000000,91,8000,8032,32,0,true,true,false,false,0,true,
CRC32_IEEE,1000,0.000000,92,8000,8032,32,0,true,true,false,false,0,true,
CRC32_IEEE,1000,0.000000,93,8000,8032,32,0,true,true,false,false,0,true,
CRC32_IEEE,1000,0.000000,94,8000,8032,32,0,true,true,false,false,0,true,
CRC32_IEEE,1000,0.000000,95,8000,8032,32,0,true,true,false,false,0,true,
CRC32_IEEE,1000,0.000000,96,8000,8032,32,0,true,true,false,false,0,true,
CRC32_IEEE,1000,0.000000,97,8000,8032,32,0,true,true,false,false,0,true,
CRC32_IEEE,1000,0.000000,98,8000,8032,32,0,true,true,false,false,0,true,
CRC32_IEEE,1000,0.000000,99,8000,8032,32,0,true,true,false,false,0,true,
CRC32_IEEE,1000,0.000000,100,8000,8032,32,0,true,true,false,false,0,true,
CRC32_IEEE,1000,0.001000,1,8000,8032,32,8,true,false,true,false,0,false,CRC mismatch
CRC32_IEEE,1000,0.001000,2,8000,8032,32,11,true,false,true,false,0,false,CRC mismatch
CRC32_IEEE,1000,0.001000,3,8000,8032,32,10,true,false,true,false,0,false,CRC mismatch
CRC32_IEEE,1000,0.001000,4,8000,8032,32,6,true,false,true,false,0,false,CRC mismatch
CRC32_IEEE,1000,0.001000,5,8000,8032,32,7,true,false,true,false,0,false,CRC mismatch
CRC32_IEEE,1000,0.001000,6,8000,8032,32,5,true,false,true,false,0,false,CRC mismatch
CRC32_IEEE,1000,0.001000,7,8000,8032,32,13,true,false,true,false,0,false,CRC mismatch
CRC32_IEEE,1000,0.001000,8,8000,8032,32,8,true,false,true,false,0,false,CRC mismatch
CRC32_IEEE,1000,0.001000,9,8000,8032,32,12,true,false,true,false,0,false,CRC mismatch
CRC32_IEEE,1000,0.001000,10,8000,8032,32,4,true,false,true,false,0,false,CRC mismatch
CRC32_IEEE,1000,0.001000,11,8000,8032,32,7,true,false,true,false,0,false,CRC mismatch
CRC32_IEEE,1000,0.001000,12,8000,8032,32,11,true,false,true,false,0,false,CRC mismatch
CRC32_IEEE,1000,0.001000,13,8000,8032,32,6,true,false,true,false,0,false,CRC mismatch
CRC32_IEEE,1000,0.001000,14,8000,8032,32,11,true,false,true,false,0,false,CRC mismatch
CRC32_IEEE,1000,0.001000,15,8000,8032,32,7,true,false,true,false,0,false,CRC mismatch
CRC32_IEEE,1000,0.001000,16,8000,8032,32,10,true,false,true,false,0,false,CRC mismatch
CRC32_IEEE,1000,0.001000,17,8000,8032,32,8,true,false,true,false,0,false,CRC mismatch
CRC32_IEEE,1000,0.001000,18,8000,8032,32,9,true,false,true,false,0,false,CRC mismatch
CRC32_IEEE,1000,0.001000,19,8000,8032,32,10,true,false,true,false,0,false,CRC mismatch
CRC32_IEEE,1000,0.001000,20,8000,8032,32,13,true,false,true,false,0,false,CRC mismatch
CRC32_IEEE,1000,0.001000,21,8000,8032,32,11,true,false,true,false,0,false,CRC mismatch
CRC32_IEEE,1000,0.001000,22,8000,8032,32,9,true,false,true,false,0,false,CRC mismatch
CRC32_IEEE,1000,0.001000,23,8000,8032,32,6,true,false,true,false,0,false,CRC mismatch
CRC32_IEEE,1000,0.001000,24,8000,8032,32,6,true,false,true,false,0,false,CRC mismatch
CRC32_IEEE,1000,0.001000,25,8000,8032,32,4,true,false,true,false,0,false,CRC mismatch
CRC32_IEEE,1000,0.001000,26,8000,8032,32,13,true,false,true,false,0,false,CRC mismatch
CRC32_IEEE,1000,0.001000,27,8000,8032,32,5,true,false,true,false,0,false,CRC mismatch
CRC32_IEEE,1000,0.001000,28,8000,8032,32,9,true,false,true,false,0,false,CRC mismatch
CRC32_IEEE,1000,0.001000,29,8000,8032,32,8,true,false,true,false,0,false,CRC mismatch
CRC32_IEEE,1000,0.001000,30,8000,8032,32,8,true,false,true,false,0,false,CRC mismatch
CRC32_IEEE,1000,0.001000,31,8000,8032,32,11,true,false,true,false,0,false,CRC mismatch
CRC32_IEEE,1000,0.001000,32,8000,8032,32,8,true,false,true,false,0,false,CRC mismatch
CRC32_IEEE,1000,0.001000,33,8000,8032,32,9,true,false,true,false,0,false,CRC mismatch
CRC32_IEEE,1000,0.001000,34,8000,8032,32,10,true,false,true,false,0,false,CRC mismatch
CRC32_IEEE,1000,0.001000,35,8000,8032,32,6,true,false,true,false,0,false,CRC mismatch
CRC32_IEEE,1000,0.001000,36,8000,8032,32,5,true,false,true,false,0,false,CRC mismatch
CRC32_IEEE,1000,0.001000,37,8000,8032,32,9,true,false,true,false,0,false,CRC mismatch
CRC32_IEEE,1000,0.001000,38,8000,8032,32,6,true,false,true,false,0,false,CRC mismatch
CRC32_IEEE,1000,0.001000,39,8000,8032,32,10,true,false,true,false,0,false,CRC mismatch
CRC32_IEEE,1000,0.001000,40,8000,8032,32,5,true,false,true,false,0,false,CRC mismatch
CRC32_IEEE,1000,0.001000,41,8000,8032,32,8,true,false,true,false,0,false,CRC mismatch
CRC32_IEEE,1000,0.001000,42,8000,8032,32,9,true,false,true,false,0,false,CRC mismatch
CRC32_IEEE,1000,0.001000,43,8000,8032,32,8,true,false,true,false,0,false,CRC mismatch
CRC32_IEEE,1000,0.001000,44,8000,8032,32,5,true,false,true,false,0,false,CRC mismatch
CRC32_IEEE,1000,0.001000,45,8000,8032,32,7,true,false,true,false,0,false,CRC mismatch
CRC32_IEEE,1000,0.001000,46,8000,8032,32,10,true,false,true,false,0,false,CRC mismatch
CRC32_IEEE,1000,0.001000,47,8000,8032,32,2,true,false,true,false,0,false,CRC mismatch
CRC32_IEEE,1000,0.001000,48,8000,8032,32,4,true,false,true,false,0,false,CRC mismatch
CRC32_IEEE,1000,0.001000,49,8000,8032,32,16,true,false,true,false,0,false,CRC mismatch
CRC32_IEEE,1000,0.001000,50,8000,8032,32,8,true,false,true,false,0,false,CRC mismatch
CRC32_IEEE,1000,0.001000,51,8000,8032,32,9,true,false,true,false,0,false,CRC mismatch
CRC32_IEEE,1000,0.001000,52,8000,8032,32,8,true,false,true,false,0,false,CRC mismatch
CRC32_IEEE,1000,0.001000,53,8000,8032,32,9,true,false,true,false,0,false,CRC mismatch
CRC32_IEEE,1000,0.001000,54,8000,8032,32,8,true,false,true,false,0,false,CRC mismatch
CRC32_IEEE,1000,0.001000,55,8000,8032,32,8,true,false,true,false,0,false,CRC mismatch
CRC32_IEEE,1000,0.001000,56,8000,8032,32,9,true,false,true,false,0,false,CRC mismatch
CRC32_IEEE,1000,0.001000,57,8000,8032,32,11,true,false,true,false,0,false,CRC mismatch
CRC32_IEEE,1000,0.001000,58,8000,8032,32,6,true,false,true,false,0,false,CRC mismatch
CRC32_IEEE,1000,0.001000,59,8000,8032,32,10,true,false,true,false,0,false,CRC mismatch
CRC32_IEEE,1000,0.001000,60,8000,8032,32,3,true,false,true,false,0,false,CRC mismatch
CRC32_IEEE,1000,0.001000,61,8000,8032,32,3,true,false,true,false,0,false,CRC mismatch
CRC32_IEEE,1000,0.001000,62,8000,8032,32,3,true,false,true,false,0,false,CRC mismatch
CRC32_IEEE,1000,0.001000,63,8000,8032,32,4,true,false,true,false,0,false,CRC mismatch
CRC32_IEEE,1000,0.001000,64,8000,8032,32,10,true,false,true,false,0,false,CRC mismatch
CRC32_IEEE,1000,0.001000,65,8000,8032,32,7,true,false,true,false,0,false,CRC mismatch
CRC32_IEEE,1000,0.001000,66,8000,8032,32,4,true,false,true,false,0,false,CRC mismatch
CRC32_IEEE,1000,0.001000,67,8000,8032,32,8,true,false,true,false,0,false,CRC mismatch
CRC32_IEEE,1000,0.001000,68,8000,8032,32,6,true,false,true,false,0,false,CRC mismatch
CRC32_IEEE,1000,0.001000,69,8000,8032,32,9,true,false,true,false,0,false,CRC mismatch
CRC32_IEEE,1000,0.001000,70,8000,8032,32,6,true,false,true,false,0,false,CRC mismatch
CRC32_IEEE,1000,0.001000,71,8000,8032,32,10,true,false,true,false,0,false,CRC mismatch
CRC32_IEEE,1000,0.001000,72,8000,8032,32,8,true,false,true,false,0,false,CRC mismatch
CRC32_IEEE,1000,0.001000,73,8000,8032,32,6,true,false,true,false,0,false,CRC mismatch
CRC32_IEEE,1000,0.001000,74,8000,8032,32,10,true,false,true,false,0,false,CRC mismatch
CRC32_IEEE,1000,0.001000,75,8000,8032,32,13,true,false,true,false,0,false,CRC mismatch
CRC32_IEEE,1000,0.001000,76,8000,8032,32,7,true,false,true,false,0,false,CRC mismatch
CRC32_IEEE,1000,0.001000,77,8000,8032,32,7,true,false,true,false,0,false,CRC mismatch
CRC32_IEEE,1000,0.001000,78,8000,8032,32,9,true,false,true,false,0,false,CRC mismatch
CRC32_IEEE,1000,0.001000,79,8000,8032,32,14,true,false,true,false,0,false,CRC mismatch
CRC32_IEEE,1000,0.001000,80,8000,8032,32,4,true,false,true,false,0,false,CRC mismatch
CRC32_IEEE,1000,0.001000,81,8000,8032,32,8,true,false,true,false,0,false,CRC mismatch
CRC32_IEEE,1000,0.001000,82,8000,8032,32,8,true,false,true,false,0,false,CRC mismatch
CRC32_IEEE,1000,0.001000,83,8000,8032,32,8,true,false,true,false,0,false,CRC mismatch
CRC32_IEEE,1000,0.001000,84,8000,8032,32,7,true,false,true,false,0,false,CRC mismatch
CRC32_IEEE,1000,0.001000,85,8000,8032,32,14,true,false,true,false,0,false,CRC mismatch
CRC32_IEEE,1000,0.001000,86,8000,8032,32,11,true,false,true,false,0,false,CRC mismatch
CRC32_IEEE,1000,0.001000,87,8000,8032,32,13,true,false,true,false,0,false,CRC mismatch
CRC32_IEEE,1000,0.001000,88,8000,8032,32,5,true,false,true,false,0,false,CRC mismatch
CRC32_IEEE,1000,0.001000,89,8000,8032,32,5,true,false,true,false,0,false,CRC mismatch
CRC32_IEEE,1000,0.001000,90,8000,8032,32,6,true,false,true,false,0,false,CRC mismatch
CRC32_IEEE,1000,0.001000,91,8000,8032,32,13,true,false,true,false,0,false,CRC mismatch
CRC32_IEEE,1000,0.001000,92,8000,8032,32,10,true,false,true,false,0,false,CRC mismatch
CRC32_IEEE,1000,0.001000,93,8000,8032,32,6,true,false,true,false,0,false,CRC mismatch
CRC32_IEEE,1000,0.001000,94,8000,8032,32,6,true,false,true,false,0,false,CRC mismatch
CRC32_IEEE,1000,0.001000,95,8000,8032,32,14,true,false,true,false,0,false,CRC mismatch
CRC32_IEEE,1000,0.001000,96,8000,8032,32,7,true,false,true,false,0,false,CRC mismatch
CRC32_IEEE,1000,0.001000,97,8000,8032,32,11,true,false,true,false,0,false,CRC mismatch
CRC32_IEEE,1000,0.001000,98,8000,8032,32,10,true,false,true,false,0,false,CRC mismatch
CRC32_IEEE,1000,0.001000,99,8000,8032,32,14,true,false,true,false,0,false,CRC mismatch
CRC32_IEEE,1000,0.001000,100,8000,8032,32,6,true,false,true,false,0,false,CRC mismatch
CRC32_IEEE,1000,0.010000,1,8000,8032,32,84,true,false,true,false,0,false,CRC mismatch
CRC32_IEEE,1000,0.010000,2,8000,8032,32,78,true,false,true,false,0,false,CRC mismatch
CRC32_IEEE,1000,0.010000,3,8000,8032,32,69,true,false,true,false,0,false,CRC mismatch
CRC32_IEEE,1000,0.010000,4,8000,8032,32,69,true,false,true,false,0,false,CRC mismatch
CRC32_IEEE,1000,0.010000,5,8000,8032,32,78,true,false,true,false,0,false,CRC mismatch
CRC32_IEEE,1000,0.010000,6,8000,8032,32,83,true,false,true,false,0,false,CRC mismatch
CRC32_IEEE,1000,0.010000,7,8000,8032,32,73,true,false,true,false,0,false,CRC mismatch
CRC32_IEEE,1000,0.010000,8,8000,8032,32,60,true,false,true,false,0,false,CRC mismatch
CRC32_IEEE,1000,0.010000,9,8000,8032,32,80,true,false,true,false,0,false,CRC mismatch
CRC32_IEEE,1000,0.010000,10,8000,8032,32,67,true,false,true,false,0,false,CRC mismatch
CRC32_IEEE,1000,0.010000,11,8000,8032,32,78,true,false,true,false,0,false,CRC mismatch
CRC32_IEEE,1000,0.010000,12,8000,8032,32,63,true,false,true,false,0,false,CRC mismatch
CRC32_IEEE,1000,0.010000,13,8000,8032,32,70,true,false,true,false,0,false,CRC mismatch
CRC32_IEEE,1000,0.010000,14,8000,8032,32,89,true,false,true,false,0,false,CRC mismatch
CRC32_IEEE,1000,0.010000,15,8000,8032,32,69,true,false,true,false,0,false,CRC mismatch
CRC32_IEEE,1000,0.010000,16,8000,8032,32,91,true,false,true,false,0,false,CRC mismatch
CRC32_IEEE,1000,0.010000,17,8000,8032,32,77,true,false,true,false,0,false,CRC mismatch
CRC32_IEEE,1000,0.010000,18,8000,8032,32,86,true,false,true,false,0,false,CRC mismatch
CRC32_IEEE,1000,0.010000,19,8000,8032,32,92,true,false,true,false,0,false,CRC mismatch
CRC32_IEEE,1000,0.010000,20,8000,8032,32,74,true,false,true,false,0,false,CRC mismatch
CRC32_IEEE,1000,0.010000,21,8000,8032,32,93,true,false,true,false,0,false,CRC mismatch
CRC32_IEEE,1000,0.010000,22,8000,8032,32,85,true,false,true,false,0,false,CRC mismatch
CRC32_IEEE,1000,0.010000,23,8000,8032,32,80,true,false,true,false,0,false,CRC mismatch
CRC32_IEEE,1000,0.010000,24,8000,8032,32,68,true,false,true,false,0,false,CRC mismatch
CRC32_IEEE,1000,0.010000,25,8000,8032,32,76,true,false,true,false,0,false,CRC mismatch
CRC32_IEEE,1000,0.010000,26,8000,8032,32,78,true,false,true,false,0,false,CRC mismatch
CRC32_IEEE,1000,0.010000,27,8000,8032,32,70,true,false,true,false,0,false,CRC mismatch
CRC32_IEEE,1000,0.010000,28,8000,8032,32,69,true,false,true,false,0,false,CRC mismatch
CRC32_IEEE,1000,0.010000,29,8000,8032,32,107,true,false,true,false,0,false,CRC mismatch
CRC32_IEEE,1000,0.010000,30,8000,8032,32,86,true,false,true,false,0,false,CRC mismatch
CRC32_IEEE,1000,0.010000,31,8000,8032,32,83,true,false,true,false,0,false,CRC mismatch
CRC32_IEEE,1000,0.010000,32,8000,8032,32,85,true,false,true,false,0,false,CRC mismatch
CRC32_IEEE,1000,0.010000,33,8000,8032,32,73,true,false,true,false,0,false,CRC mismatch
CRC32_IEEE,1000,0.010000,34,8000,8032,32,74,true,false,true,false,0,false,CRC mismatch
CRC32_IEEE,1000,0.010000,35,8000,8032,32,94,true,false,true,false,0,false,CRC mismatch
CRC32_IEEE,1000,0.010000,36,8000,8032,32,87,true,false,true,false,0,false,CRC mismatch
CRC32_IEEE,1000,0.010000,37,8000,8032,32,88,true,false,true,false,0,false,CRC mismatch
CRC32_IEEE,1000,0.010000,38,8000,8032,32,78,true,false,true,false,0,false,CRC mismatch
CRC32_IEEE,1000,0.010000,39,8000,8032,32,65,true,false,true,false,0,false,CRC mismatch
CRC32_IEEE,1000,0.010000,40,8000,8032,32,79,true,false,true,false,0,false,CRC mismatch
CRC32_IEEE,1000,0.010000,41,8000,8032,32,83,true,false,true,false,0,false,CRC mismatch
CRC32_IEEE,1000,0.010000,42,8000,8032,32,78,true,false,true,false,0,false,CRC mismatch
CRC32_IEEE,1000,0.010000,43,8000,8032,32,94,true,false,true,false,0,false,CRC mismatch
CRC32_IEEE,1000,0.010000,44,8000,8032,32,80,true,false,true,false,0,false,CRC mismatch
CRC32_IEEE,1000,0.010000,45,8000,8032,32,83,true,false,true,false,0,false,CRC mismatch
CRC32_IEEE,1000,0.010000,46,8000,8032,32,70,true,false,true,false,0,false,CRC mismatch
CRC32_IEEE,1000,0.010000,47,8000,8032,32,64,true,false,true,false,0,false,CRC mismatch
CRC32_IEEE,1000,0.010000,48,8000,8032,32,76,true,false,true,false,0,false,CRC mismatch
CRC32_IEEE,1000,0.010000,49,8000,8032,32,90,true,false,true,false,0,false,CRC mismatch
CRC32_IEEE,1000,0.010000,50,8000,8032,32,82,true,false,true,false,0,false,CRC mismatch
CRC32_IEEE,1000,0.010000,51,8000,8032,32,71,true,false,true,false,0,false,CRC mismatch
CRC32_IEEE,1000,0.010000,52,8000,8032,32,80,true,false,true,false,0,false,CRC mismatch
CRC32_IEEE,1000,0.010000,53,8000,8032,32,69,true,false,true,false,0,false,CRC mismatch
CRC32_IEEE,1000,0.010000,54,8000,8032,32,77,true,false,true,false,0,false,CRC mismatch
CRC32_IEEE,1000,0.010000,55,8000,8032,32,92,true,false,true,false,0,false,CRC mismatch
CRC32_IEEE,1000,0.010000,56,8000,8032,32,72,true,false,true,false,0,false,CRC mismatch
CRC32_IEEE,1000,0.010000,57,8000,8032,32,86,true,false,true,false,0,false,CRC mismatch
CRC32_IEEE,1000,0.010000,58,8000,8032,32,81,true,false,true,false,0,false,CRC mismatch
CRC32_IEEE,1000,0.010000,59,8000,8032,32,79,true,false,true,false,0,false,CRC mismatch
CRC32_IEEE,1000,0.010000,60,8000,8032,32,73,true,false,true,false,0,false,CRC mismatch
CRC32_IEEE,1000,0.010000,61,8000,8032,32,78,true,false,true,false,0,false,CRC mismatch
CRC32_IEEE,1000,0.010000,62,8000,8032,32,82,true,false,true,false,0,false,CRC mismatch
CRC32_IEEE,1000,0.010000,63,8000,8032,32,72,true,false,true,false,0,false,CRC mismatch
CRC32_IEEE,1000,0.010000,64,8000,8032,32,76,true,false,true,false,0,false,CRC mismatch
CRC32_IEEE,1000,0.010000,65,8000,8032,32,68,true,false,true,false,0,false,CRC mismatch
CRC32_IEEE,1000,0.010000,66,8000,8032,32,56,true,false,true,false,0,false,CRC mismatch
CRC32_IEEE,1000,0.010000,67,8000,8032,32,71,true,false,true,false,0,false,CRC mismatch
CRC32_IEEE,1000,0.010000,68,8000,8032,32,81,true,false,true,false,0,false,CRC mismatch
CRC32_IEEE,1000,0.010000,69,8000,8032,32,77,true,false,true,false,0,false,CRC mismatch
CRC32_IEEE,1000,0.010000,70,8000,8032,32,77,true,false,true,false,0,false,CRC mismatch
CRC32_IEEE,1000,0.010000,71,8000,8032,32,77,true,false,true,false,0,false,CRC mismatch
CRC32_IEEE,1000,0.010000,72,8000,8032,32,87,true,false,true,false,0,false,CRC mismatch
CRC32_IEEE,1000,0.010000,73,8000,8032,32,82,true,false,true,false,0,false,CRC mismatch
CRC32_IEEE,1000,0.010000,74,8000,8032,32,88,true,false,true,false,0,false,CRC mismatch
CRC32_IEEE,1000,0.010000,75,8000,8032,32,72,true,false,true,false,0,false,CRC mismatch
CRC32_IEEE,1000,0.010000,76,8000,8032,32,76,true,false,true,false,0,false,CRC mismatch
CRC32_IEEE,1000,0.010000,77,8000,8032,32,75,true,false,true,false,0,false,CRC mismatch
CRC32_IEEE,1000,0.010000,78,8000,8032,32,78,true,false,true,false,0,false,CRC mismatch
CRC32_IEEE,1000,0.010000,79,8000,8032,32,68,true,false,true,false,0,false,CRC mismatch
CRC32_IEEE,1000,0.010000,80,8000,8032,32,75,true,false,true,false,0,false,CRC mismatch
CRC32_IEEE,1000,0.010000,81,8000,8032,32,86,true,false,true,false,0,false,CRC mismatch
CRC32_IEEE,1000,0.010000,82,8000,8032,32,88,true,false,true,false,0,false,CRC mismatch
CRC32_IEEE,1000,0.010000,83,8000,8032,32,87,true,false,true,false,0,false,CRC mismatch
CRC32_IEEE,1000,0.010000,84,8000,8032,32,80,true,false,true,false,0,false,CRC mismatch
CRC32_IEEE,1000,0.010000,85,8000,8032,32,77,true,false,true,false,0,false,CRC mismatch
CRC32_IEEE,1000,0.010000,86,8000,8032,32,85,true,false,true,false,0,false,CRC mismatch
CRC32_IEEE,1000,0.010000,87,8000,8032,32,79,true,false,true,false,0,false,CRC mismatch
CRC32_IEEE,1000,0.010000,88,8000,8032,32,96,true,false,true,false,0,false,CRC mismatch
CRC32_IEEE,1000,0.010000,89,8000,8032,32,75,true,false,true,false,0,false,CRC mismatch
CRC32_IEEE,1000,0.010000,90,8000,8032,32,85,true,false,true,false,0,false,CRC mismatch
CRC32_IEEE,1000,0.010000,91,8000,8032,32,76,true,false,true,false,0,false,CRC mismatch
CRC32_IEEE,1000,0.010000,92,8000,8032,32,83,true,false,true,false,0,false,CRC mismatch
CRC32_IEEE,1000,0.010000,93,8000,8032,32,82,true,false,true,false,0,false,CRC mismatch
CRC32_IEEE,1000,0.010000,94,8000,8032,32,73,true,false,true,false,0,false,CRC mismatch
CRC32_IEEE,1000,0.010000,95,8000,8032,32,75,true,false,true,false,0,false,CRC mismatch
CRC32_IEEE,1000,0.010000,96,8000,8032,32,79,true,false,true,false,0,false,CRC mismatch
CRC32_IEEE,1000,0.010000,97,8000,8032,32,84,true,false,true,false,0,false,CRC mismatch
CRC32_IEEE,1000,0.010000,98,8000,8032,32,99,true,false,true,false,0,false,CRC mismatch
CRC32_IEEE,1000,0.010000,99,8000,8032,32,75,true,false,true,false,0,false,CRC mismatch
CRC32_IEEE,1000,0.010000,100,8000,8032,32,89,true,false,true,false,0,false,CRC mismatch
CRC32_IEEE,1000,0.050000,1,8000,8032,32,410,true,false,true,false,0,false,CRC mismatch
CRC32_IEEE,1000,0.050000,2,8000,8032,32,406,true,false,true,false,0,false,CRC mismatch
CRC32_IEEE,1000,0.050000,3,8000,8032,32,388,true,false,true,false,0,false,CRC mismatch
CRC32_IEEE,1000,0.050000,4,8000,8032,32,411,true,false,true,false,0,false,CRC mismatch
CRC32_IEEE,1000,0.050000,5,8000,8032,32,406,true,false,true,false,0,false,CRC mismatch
CRC32_IEEE,1000,0.050000,6,8000,8032,32,404,true,false,true,false,0,false,CRC mismatch
CRC32_IEEE,1000,0.050000,7,8000,8032,32,404,true,false,true,false,0,false,CRC mismatch
CRC32_IEEE,1000,0.050000,8,8000,8032,32,403,true,false,true,false,0,false,CRC mismatch
CRC32_IEEE,1000,0.050000,9,8000,8032,32,402,true,false,true,false,0,false,CRC mismatch
CRC32_IEEE,1000,0.050000,10,8000,8032,32,404,true,false,true,false,0,false,CRC mismatch
CRC32_IEEE,1000,0.050000,11,8000,8032,32,414,true,false,true,false,0,false,CRC mismatch
CRC32_IEEE,1000,0.050000,12,8000,8032,32,403,true,false,true,false,0,false,CRC mismatch
CRC32_IEEE,1000,0.050000,13,8000,8032,32,379,true,false,true,false,0,false,CRC mismatch
CRC32_IEEE,1000,0.050000,14,8000,8032,32,415,true,false,true,false,0,false,CRC mismatch
CRC32_IEEE,1000,0.050000,15,8000,8032,32,396,true,false,true,false,0,false,CRC mismatch
CRC32_IEEE,1000,0.050000,16,8000,8032,32,435,true,false,true,false,0,false,CRC mismatch
CRC32_IEEE,1000,0.050000,17,8000,8032,32,415,true,false,true,false,0,false,CRC mismatch
CRC32_IEEE,1000,0.050000,18,8000,8032,32,380,true,false,true,false,0,false,CRC mismatch
CRC32_IEEE,1000,0.050000,19,8000,8032,32,396,true,false,true,false,0,false,CRC mismatch
CRC32_IEEE,1000,0.050000,20,8000,8032,32,372,true,false,true,false,0,false,CRC mismatch
CRC32_IEEE,1000,0.050000,21,8000,8032,32,364,true,false,true,false,0,false,CRC mismatch
CRC32_IEEE,1000,0.050000,22,8000,8032,32,394,true,false,true,false,0,false,CRC mismatch
CRC32_IEEE,1000,0.050000,23,8000,8032,32,409,true,false,true,false,0,false,CRC mismatch
CRC32_IEEE,1000,0.050000,24,8000,8032,32,391,true,false,true,false,0,false,CRC mismatch
CRC32_IEEE,1000,0.050000,25,8000,8032,32,399,true,false,true,false,0,false,CRC mismatch
CRC32_IEEE,1000,0.050000,26,8000,8032,32,397,true,false,true,false,0,false,CRC mismatch
CRC32_IEEE,1000,0.050000,27,8000,8032,32,415,true,false,true,false,0,false,CRC mismatch
CRC32_IEEE,1000,0.050000,28,8000,8032,32,419,true,false,true,false,0,false,CRC mismatch
CRC32_IEEE,1000,0.050000,29,8000,8032,32,394,true,false,true,false,0,false,CRC mismatch
CRC32_IEEE,1000,0.050000,30,8000,8032,32,421,true,false,true,false,0,false,CRC mismatch
CRC32_IEEE,1000,0.050000,31,8000,8032,32,395,true,false,true,false,0,false,CRC mismatch
CRC32_IEEE,1000,0.050000,32,8000,8032,32,395,true,false,true,false,0,false,CRC mismatch
CRC32_IEEE,1000,0.050000,33,8000,8032,32,415,true,false,true,false,0,false,CRC mismatch
CRC32_IEEE,1000,0.050000,34,8000,8032,32,423,true,false,true,false,0,false,CRC mismatch
CRC32_IEEE,1000,0.050000,35,8000,8032,32,415,true,false,true,false,0,false,CRC mismatch
CRC32_IEEE,1000,0.050000,36,8000,8032,32,410,true,false,true,false,0,false,CRC mismatch
CRC32_IEEE,1000,0.050000,37,8000,8032,32,407,true,false,true,false,0,false,CRC mismatch
CRC32_IEEE,1000,0.050000,38,8000,8032,32,412,true,false,true,false,0,false,CRC mismatch
CRC32_IEEE,1000,0.050000,39,8000,8032,32,375,true,false,true,false,0,false,CRC mismatch
CRC32_IEEE,1000,0.050000,40,8000,8032,32,405,true,false,true,false,0,false,CRC mismatch
CRC32_IEEE,1000,0.050000,41,8000,8032,32,409,true,false,true,false,0,false,CRC mismatch
CRC32_IEEE,1000,0.050000,42,8000,8032,32,425,true,false,true,false,0,false,CRC mismatch
CRC32_IEEE,1000,0.050000,43,8000,8032,32,413,true,false,true,false,0,false,CRC mismatch
CRC32_IEEE,1000,0.050000,44,8000,8032,32,373,true,false,true,false,0,false,CRC mismatch
CRC32_IEEE,1000,0.050000,45,8000,8032,32,392,true,false,true,false,0,false,CRC mismatch
CRC32_IEEE,1000,0.050000,46,8000,8032,32,442,true,false,true,false,0,false,CRC mismatch
CRC32_IEEE,1000,0.050000,47,8000,8032,32,398,true,false,true,false,0,false,CRC mismatch
CRC32_IEEE,1000,0.050000,48,8000,8032,32,418,true,false,true,false,0,false,CRC mismatch
CRC32_IEEE,1000,0.050000,49,8000,8032,32,405,true,false,true,false,0,false,CRC mismatch
CRC32_IEEE,1000,0.050000,50,8000,8032,32,390,true,false,true,false,0,false,CRC mismatch
CRC32_IEEE,1000,0.050000,51,8000,8032,32,378,true,false,true,false,0,false,CRC mismatch
CRC32_IEEE,1000,0.050000,52,8000,8032,32,432,true,false,true,false,0,false,CRC mismatch
CRC32_IEEE,1000,0.050000,53,8000,8032,32,389,true,false,true,false,0,false,CRC mismatch
CRC32_IEEE,1000,0.050000,54,8000,8032,32,378,true,false,true,false,0,false,CRC mismatch
CRC32_IEEE,1000,0.050000,55,8000,8032,32,379,true,false,true,false,0,false,CRC mismatch
CRC32_IEEE,1000,0.050000,56,8000,8032,32,400,true,false,true,false,0,false,CRC mismatch
CRC32_IEEE,1000,0.050000,57,8000,8032,32,393,true,false,true,false,0,false,CRC mismatch
CRC32_IEEE,1000,0.050000,58,8000,8032,32,385,true,false,true,false,0,false,CRC mismatch
CRC32_IEEE,1000,0.050000,59,8000,8032,32,422,true,false,true,false,0,false,CRC mismatch
CRC32_IEEE,1000,0.050000,60,8000,8032,32,430,true,false,true,false,0,false,CRC mismatch
CRC32_IEEE,1000,0.050000,61,8000,8032,32,386,true,false,true,false,0,false,CRC mismatch
CRC32_IEEE,1000,0.050000,62,8000,8032,32,397,true,false,true,false,0,false,CRC mismatch
CRC32_IEEE,1000,0.050000,63,8000,8032,32,404,true,false,true,false,0,false,CRC mismatch
CRC32_IEEE,1000,0.050000,64,8000,8032,32,380,true,false,true,false,0,false,CRC mismatch
CRC32_IEEE,1000,0.050000,65,8000,8032,32,407,true,false,true,false,0,false,CRC mismatch
CRC32_IEEE,1000,0.050000,66,8000,8032,32,419,true,false,true,false,0,false,CRC mismatch
CRC32_IEEE,1000,0.050000,67,8000,8032,32,425,true,false,true,false,0,false,CRC mismatch
CRC32_IEEE,1000,0.050000,68,8000,8032,32,393,true,false,true,false,0,false,CRC mismatch
CRC32_IEEE,1000,0.050000,69,8000,8032,32,405,true,false,true,false,0,false,CRC mismatch
CRC32_IEEE,1000,0.050000,70,8000,8032,32,412,true,false,true,false,0,false,CRC mismatch
CRC32_IEEE,1000,0.050000,71,8000,8032,32,400,true,false,true,false,0,false,CRC mismatch
CRC32_IEEE,1000,0.050000,72,8000,8032,32,385,true,false,true,false,0,false,CRC mismatch
CRC32_IEEE,1000,0.050000,73,8000,8032,32,407,true,false,true,false,0,false,CRC mismatch
CRC32_IEEE,1000,0.050000,74,8000,8032,32,393,true,false,true,false,0,false,CRC mismatch
CRC32_IEEE,1000,0.050000,75,8000,8032,32,384,true,false,true,false,0,false,CRC mismatch
CRC32_IEEE,1000,0.050000,76,8000,8032,32,378,true,false,true,false,0,false,CRC mismatch
CRC32_IEEE,1000,0.050000,77,8000,8032,32,395,true,false,true,false,0,false,CRC mismatch
CRC32_IEEE,1000,0.050000,78,8000,8032,32,444,true,false,true,false,0,false,CRC mismatch
CRC32_IEEE,1000,0.050000,79,8000,8032,32,369,true,false,true,false,0,false,CRC mismatch
CRC32_IEEE,1000,0.050000,80,8000,8032,32,387,true,false,true,false,0,false,CRC mismatch
CRC32_IEEE,1000,0.050000,81,8000,8032,32,430,true,false,true,false,0,false,CRC mismatch
CRC32_IEEE,1000,0.050000,82,8000,8032,32,414,true,false,true,false,0,false,CRC mismatch
CRC32_IEEE,1000,0.050000,83,8000,8032,32,400,true,false,true,false,0,false,CRC mismatch
CRC32_IEEE,1000,0.050000,84,8000,8032,32,396,true,false,true,false,0,false,CRC mismatch
CRC32_IEEE,1000,0.050000,85,8000,8032,32,449,true,false,true,false,0,false,CRC mismatch
CRC32_IEEE,1000,0.050000,86,8000,8032,32,416,true,false,true,false,0,false,CRC mismatch
CRC32_IEEE,1000,0.050000,87,8000,8032,32,371,true,false,true,false,0,false,CRC mismatch
CRC32_IEEE,1000,0.050000,88,8000,8032,32,407,true,false,true,false,0,false,CRC mismatch
CRC32_IEEE,1000,0.050000,89,8000,8032,32,392,true,false,true,false,0,false,CRC mismatch
CRC32_IEEE,1000,0.050000,90,8000,8032,32,443,true,false,true,false,0,false,CRC mismatch
CRC32_IEEE,1000,0.050000,91,8000,8032,32,385,true,false,true,false,0,false,CRC mismatch
CRC32_IEEE,1000,0.050000,92,8000,8032,32,420,true,false,true,false,0,false,CRC mismatch
CRC32_IEEE,1000,0.050000,93,8000,8032,32,404,true,false,true,false,0,false,CRC mismatch
CRC32_IEEE,1000,0.050000,94,8000,8032,32,435,true,false,true,false,0,false,CRC mismatch
CRC32_IEEE,1000,0.050000,95,8000,8032,32,361,true,false,true,false,0,false,CRC mismatch
CRC32_IEEE,1000,0.050000,96,8000,8032,32,409,true,false,true,false,0,false,CRC mismatch
CRC32_IEEE,1000,0.050000,97,8000,8032,32,385,true,false,true,false,0,false,CRC mismatch
CRC32_IEEE,1000,0.050000,98,8000,8032,32,431,true,false,true,false,0,false,CRC mismatch
CRC32_IEEE,1000,0.050000,99,8000,8032,32,391,true,false,true,false,0,false,CRC mismatch
CRC32_IEEE,1000,0.050000,100,8000,8032,32,432,true,false,true,false,0,false,CRC mismatch
